install_id,iap_usd_d14
INS_0031011,0.1325
INS_0027041,0.2185
INS_0032200,0.3004
INS_0033512,0.2189
INS_0031729,0.1403
INS_0032534,1.0251
INS_0029934,0.4977
INS_0029036,0.0449
INS_0032581,0.1324
INS_0027852,0.0323
INS_0027376,0.1943
INS_0031276,0.4507
INS_0031805,0.1834
INS_0029534,0.0001
INS_0031476,0.0502
INS_0030352,1.1264
INS_0029642,0.7284
INS_0027525,0.0375
INS_0029140,0.068
INS_0029367,0.0963
INS_0032966,0.089
INS_0032343,0.0445
INS_0029128,0.0002
INS_0026822,0.0002
INS_0031186,0.2799
INS_0030801,0.1314
INS_0026109,0.0003
INS_0026321,0.2057
INS_0029400,0.0936
INS_0030004,0.1359
INS_0027042,0.5622
INS_0033196,0.1925
INS_0032389,0.2652
INS_0027142,0.575
INS_0032940,0.0574
INS_0032626,0.1848
INS_0028598,0.4781
INS_0030606,0.2501
INS_0030098,0.1551
INS_0026291,0.0003
INS_0026736,0.0003
INS_0033671,0.0528
INS_0032107,0.0882
INS_0028643,0.1051
INS_0030538,0.03
INS_0029604,0.3579
INS_0028587,0.0258
INS_0029425,0.4075
INS_0032530,0.0477
INS_0028619,1.523
INS_0030492,0.7538
INS_0027106,0.0707
INS_0031176,0.3622
INS_0026187,0.1086
INS_0028557,0.0892
INS_0028653,0.6097
INS_0026154,0.5784
INS_0031800,0.2093
INS_0028889,0.6182
INS_0030620,0.2305
INS_0027092,0.0001
INS_0028730,0.1191
INS_0026650,0.0001
INS_0030140,0.1016
INS_0033244,0.1164
INS_0026178,0.0002
INS_0027647,0.2341
INS_0029978,0.0815
INS_0026926,0.1974
INS_0033185,0.0308
INS_0027626,0.4966
INS_0032304,0.0469
INS_0032085,0.0472
INS_0032353,0.8056
INS_0027535,0.1226
INS_0028576,1.032
INS_0028416,0.3013
INS_0027770,0.1032
INS_0030817,0.0931
INS_0028706,0.1131
INS_0030884,0.0761
INS_0029424,0.4664
INS_0033084,0.0675
INS_0027410,0.6254
INS_0029206,0.1268
INS_0032839,0.1129
INS_0026840,0.4424
INS_0032927,0.1683
INS_0027809,0.6118
INS_0033207,0.0411
INS_0031113,0.0001
INS_0032856,0.0002
INS_0033637,0.2378
INS_0031534,0.0672
INS_0026936,0.3902
INS_0032656,0.1897
INS_0028290,0.5006
INS_0026728,0.0001
INS_0027863,0.1424
INS_0031245,0.2475
INS_0030803,0.2172
INS_0027578,0.0386
INS_0026698,0.8231
INS_0028031,0.2289
INS_0026974,0.0004
INS_0028679,0.4831
INS_0032535,0.187
INS_0030870,1.2601
INS_0028468,0.1168
INS_0031017,0.7991
INS_0031752,0.1252
INS_0027251,0.0505
INS_0033199,0.1645
INS_0032209,0.0111
INS_0033300,0.124
INS_0033058,0.0908
INS_0028348,0.4668
INS_0030370,0.7518
INS_0028457,0.2404
INS_0027968,0.5429
INS_0029926,0.0001
INS_0032008,0.1307
INS_0030148,0.0004
INS_0032061,0.3119
INS_0029143,1.0492
INS_0027004,0.3418
INS_0031503,0.302
INS_0031448,0.0865
INS_0029094,0.3442
INS_0033557,0.1625
INS_0027531,0.0695
INS_0031415,0.2243
INS_0032099,0.1467
INS_0027155,0.6311
INS_0026999,0.0003
INS_0031663,0.1793
INS_0026602,0.1163
INS_0029131,0.0596
INS_0026651,0.0001
INS_0029107,0.0499
INS_0031555,1.1444
INS_0027955,0.5465
INS_0030115,0.2286
INS_0031860,0.8594
INS_0029986,0.0001
INS_0029590,0.2193
INS_0030509,0.1109
INS_0031804,0.122
INS_0028874,0.2181
INS_0026675,0.2542
INS_0027099,0.1647
INS_0030431,0.0506
INS_0032829,0.2323
INS_0032640,0.0486
INS_0028087,0.0601
INS_0027518,0.0601
INS_0029729,0.2203
INS_0029219,0.1853
INS_0027220,0.3745
INS_0031273,0.0002
INS_0031878,0.2188
INS_0032454,0.0001
INS_0026317,1.1282
INS_0028969,0.2345
INS_0033658,0.0002
INS_0031608,0.0006
INS_0027530,0.2528
INS_0029737,0.0451
INS_0031786,0.0985
INS_0032288,0.1791
INS_0033314,0.0478
INS_0029632,0.0002
INS_0031940,0.0802
INS_0029544,0.3128
INS_0029708,0.3414
INS_0027138,1.2331
INS_0033625,0.1141
INS_0029230,0.1544
INS_0031986,0.2494
INS_0031430,0.0496
INS_0033028,0.115
INS_0027442,0.0674
INS_0026237,0.9336
INS_0027818,0.2772
INS_0033672,1.549
INS_0029973,0.2061
INS_0026348,0.0002
INS_0032235,1.065
INS_0027921,0.1367
INS_0026920,0.0985
INS_0028136,0.3274
INS_0033378,0.1603
INS_0026483,0.0632
INS_0026516,0.0773
INS_0028856,0.0993
INS_0031337,0.0909
INS_0029976,0.1141
INS_0027435,0.0507
INS_0026400,0.3525
INS_0031269,0.1459
INS_0031212,1.7564
INS_0031799,0.5616
INS_0029878,0.197
INS_0032649,0.242
INS_0030008,0.4623
INS_0030626,0.0019
INS_0029066,0.0003
INS_0029631,0.1485
INS_0030701,0.0002
INS_0028358,1.0166
INS_0027552,0.2604
INS_0027390,0.1573
INS_0028694,1.2106
INS_0031964,0.0261
INS_0033591,0.0668
INS_0032477,0.2494
INS_0027055,0.1481
INS_0027879,0.1804
INS_0028266,0.25
INS_0029925,0.2212
INS_0028825,0.1307
INS_0030149,0.0809
INS_0033502,0.3308
INS_0027096,0.8424
INS_0031666,0.2822
INS_0032500,0.0002
INS_0027228,0.3709
INS_0029616,0.6462
INS_0030808,0.1119
INS_0027307,0.1221
INS_0033285,0.3617
INS_0029535,0.0836
INS_0029601,0.1726
INS_0030478,0.1419
INS_0031867,0.0321
INS_0033335,0.0809
INS_0030412,0.1504
INS_0029256,0.2941
INS_0027612,1.1461
INS_0030992,0.2037
INS_0031004,0.5135
INS_0032598,0.0097
INS_0029208,0.1064
INS_0027693,0.2313
INS_0028565,0.0624
INS_0028538,0.0265
INS_0028917,0.2512
INS_0031275,0.3894
INS_0026743,0.2309
INS_0027201,0.5159
INS_0029813,0.0585
INS_0031128,0.2898
INS_0029763,1.0973
INS_0026632,0.0002
INS_0027184,0.0715
INS_0027820,0.8167
INS_0029791,0.3922
INS_0027090,0.2828
INS_0029204,0.314
INS_0026322,0.0002
INS_0031198,0.423
INS_0029187,0.047
INS_0027938,0.7387
INS_0026975,0.7125
INS_0030931,0.9347
INS_0030399,0.0833
INS_0030720,0.4484
INS_0033375,0.0609
INS_0026564,0.3549
INS_0033581,0.1213
INS_0033257,0.2507
INS_0026284,1.0005
INS_0030516,0.187
INS_0032851,0.0314
INS_0029202,0.7602
INS_0032894,0.1263
INS_0029527,0.1661
INS_0033179,0.3198
INS_0030970,0.1635
INS_0027279,0.0005
INS_0027359,0.1189
INS_0027471,0.2256
INS_0026992,0.2821
INS_0028005,0.0991
INS_0030230,0.3804
INS_0027947,0.1692
INS_0032177,0.6623
INS_0031691,1.0187
INS_0032221,0.963
INS_0031021,0.0001
INS_0026398,0.094
INS_0029495,1.202
INS_0029515,0.0009
INS_0032193,0.1221
INS_0033578,0.4335
INS_0030484,0.0954
INS_0028219,0.0929
INS_0027351,0.8908
INS_0029858,0.127
INS_0030503,0.4223
INS_0027226,0.0639
INS_0029871,0.4084
INS_0031924,0.2561
INS_0026267,2.1993
INS_0027062,0.0593
INS_0028258,0.1483
INS_0031906,0.1443
INS_0026302,0.8034
INS_0032792,0.2391
INS_0032392,0.244
INS_0033255,0.5289
INS_0030395,0.9775
INS_0030994,0.1852
INS_0031431,0.0815
INS_0032745,0.3214
INS_0032182,0.1619
INS_0027070,0.0769
INS_0032023,0.0001
INS_0032926,0.3181
INS_0031454,0.073
INS_0030933,0.3113
INS_0028822,0.3892
INS_0027765,0.2618
INS_0026146,0.8575
INS_0033268,0.2288
INS_0030451,0.0861
INS_0033615,0.3269
INS_0030726,0.6076
INS_0030051,1.7635
INS_0026589,0.0007
INS_0032443,0.0444
INS_0029057,0.1572
INS_0027618,0.0003
INS_0027015,0.247
INS_0031960,0.1618
INS_0029676,0.1147
INS_0031748,0.0201
INS_0030621,0.0648
INS_0033127,0.2085
INS_0030914,0.1339
INS_0030458,0.3218
INS_0031416,0.0208
INS_0028995,0.1188
INS_0027910,0.1505
INS_0026621,0.9379
INS_0028368,1.088
INS_0028504,0.1107
INS_0031016,0.6533
INS_0032724,0.1148
INS_0027896,0.7487
INS_0029610,0.2485
INS_0030550,0.872
INS_0033260,0.0953
INS_0032709,0.6
INS_0030531,0.0764
INS_0029080,0.2326
INS_0032055,0.331
INS_0033629,0.265
INS_0029028,0.374
INS_0026552,0.4699
INS_0031652,0.1288
INS_0030405,0.3636
INS_0029190,0.2245
INS_0031796,0.293
INS_0027987,0.1052
INS_0033344,0.4042
INS_0032434,0.5009
INS_0029411,0.0222
INS_0029327,0.77
INS_0030342,0.3661
INS_0029151,0.764
INS_0030554,0.1111
INS_0029972,0.0656
INS_0030616,0.5708
INS_0028169,0.0905
INS_0029824,0.3381
INS_0029797,0.3119
INS_0027433,0.2378
INS_0032607,0.0001
INS_0032876,0.0002
INS_0033000,0.1671
INS_0029958,0.044
INS_0027633,0.0274
INS_0032730,0.1112
INS_0026994,0.8445
INS_0029096,0.537
INS_0029514,0.293
INS_0033483,0.0436
INS_0029552,0.208
INS_0028869,0.1915
INS_0031936,0.0492
INS_0031277,0.0872
INS_0030137,0.2861
INS_0030279,1.7069
INS_0033264,0.0001
INS_0027630,1.3783
INS_0030167,0.3221
INS_0030207,0.1345
INS_0032352,0.7284
INS_0033610,0.1767
INS_0029548,0.233
INS_0030441,0.1453
INS_0033471,0.3517
INS_0028111,0.3205
INS_0027116,0.1424
INS_0029253,0.132
INS_0029478,0.0643
INS_0026313,0.0856
INS_0028955,0.412
INS_0031371,0.563
INS_0031978,0.2092
INS_0026213,0.5039
INS_0031343,0.0001
INS_0029714,0.4669
INS_0031678,0.1037
INS_0029775,0.4362
INS_0028014,0.8352
INS_0028672,0.1175
INS_0026468,0.3831
INS_0027909,0.0195
INS_0032333,0.4298
INS_0026493,0.6122
INS_0031930,0.2099
INS_0029421,0.1136
INS_0031297,0.1684
INS_0028090,0.3903
INS_0028609,0.1279
INS_0032309,0.571
INS_0026986,0.5018
INS_0026830,0.3366
INS_0030087,0.1939
INS_0031658,0.1854
INS_0027358,0.7221
INS_0031490,0.2682
INS_0029539,0.9934
INS_0026566,1.0549
INS_0029494,0.0667
INS_0032803,0.1168
INS_0027940,0.575
INS_0031105,0.1697
INS_0029760,0.8344
INS_0032952,0.6554
INS_0028452,0.1399
INS_0033447,0.3695
INS_0032441,0.7458
INS_0032002,0.1792
INS_0029685,0.5237
INS_0031573,0.2837
INS_0030983,3.4975
INS_0028220,0.1363
INS_0029464,0.198
INS_0033350,0.1693
INS_0031449,1.1695
INS_0026170,0.8035
INS_0031525,0.2638
INS_0031188,0.0926
INS_0029746,0.4415
INS_0030758,0.5126
INS_0028343,0.2061
INS_0028798,0.047
INS_0032700,0.0002
INS_0029623,0.4441
INS_0026656,0.0796
INS_0031837,0.3775
INS_0030770,0.3262
INS_0029600,0.0005
INS_0032478,0.4941
INS_0032629,0.0001
INS_0026699,0.601
INS_0030001,0.1014
INS_0027949,0.499
INS_0027982,0.3905
INS_0027261,0.0192
INS_0033361,0.1429
INS_0030426,0.2466
INS_0028691,0.5372
INS_0030677,0.5257
INS_0027162,0.1149
INS_0032852,0.5143
INS_0027514,1.1137
INS_0028071,0.0001
INS_0026297,1.0677
INS_0033294,1.3229
INS_0030851,0.2014
INS_0026766,0.0227
INS_0031558,0.1001
INS_0030363,0.4226
INS_0027788,0.0483
INS_0031506,0.0671
INS_0031680,0.0881
INS_0028858,0.1444
INS_0032444,0.4116
INS_0031024,0.3348
INS_0027798,0.4751
INS_0029157,1.3539
INS_0029034,0.8677
INS_0030356,0.3357
INS_0030200,0.1256
INS_0029989,0.3958
INS_0027505,0.2272
INS_0032359,1.2208
INS_0026496,0.0424
INS_0033267,0.1497
INS_0027447,0.1225
INS_0029189,0.0824
INS_0026865,0.8285
INS_0027399,0.074
INS_0027704,0.1026
INS_0026456,0.775
INS_0030325,0.3301
INS_0032329,0.4786
INS_0027710,0.3943
INS_0027718,0.1513
INS_0033441,0.1082
INS_0030202,0.8948
INS_0033241,0.7668
INS_0033437,0.3184
INS_0032929,0.6988
INS_0032017,0.0003
INS_0033298,0.137
INS_0029542,0.0002
INS_0032077,0.0932
INS_0027112,0.2053
INS_0026988,0.3187
INS_0032920,0.1339
INS_0027620,0.4788
INS_0027477,0.7562
INS_0032087,0.1373
INS_0027211,0.0649
INS_0026150,0.2537
INS_0032365,0.5043
INS_0029440,0.0003
INS_0032737,0.2748
INS_0031856,1.2642
INS_0027001,0.0618
INS_0031185,1.3977
INS_0026592,0.3346
INS_0030311,0.0325
INS_0028135,0.1326
INS_0028083,0.1799
INS_0031807,0.0002
INS_0030534,0.3164
INS_0026481,0.2909
INS_0028107,0.2745
INS_0027566,0.7926
INS_0026928,0.1039
INS_0029223,0.231
INS_0029033,0.0005
INS_0029092,0.0715
INS_0029281,0.0728
INS_0032205,0.4454
INS_0030671,0.2357
INS_0028683,0.2127
INS_0031000,0.166
INS_0026912,0.1035
INS_0032864,0.2064
INS_0030754,0.0305
INS_0030270,0.0007
INS_0032696,0.0901
INS_0028399,0.5352
INS_0027741,0.594
INS_0026717,0.282
INS_0028277,0.0376
INS_0028145,0.0851
INS_0027448,0.2052
INS_0031418,0.1437
INS_0028907,0.1163
INS_0026519,0.6287
INS_0031353,0.2045
INS_0029102,0.3017
INS_0026583,0.6563
INS_0029786,0.1589
INS_0028721,0.1061
INS_0031124,0.9136
INS_0026935,0.0002
INS_0028747,0.0806
INS_0028758,0.3922
INS_0028980,0.0002
INS_0031227,0.0662
INS_0027282,0.0723
INS_0028048,0.7543
INS_0030990,0.3278
INS_0030935,0.323
INS_0027753,0.433
INS_0033102,0.0505
INS_0028610,0.0592
INS_0032824,0.6563
INS_0029132,0.3917
INS_0029465,0.0157
INS_0028068,0.5412
INS_0026366,0.1028
INS_0026880,0.2904
INS_0033301,0.1277
INS_0026943,0.0537
INS_0027708,0.2482
INS_0028004,0.1104
INS_0027687,0.1173
INS_0032825,0.4214
INS_0033635,0.1864
INS_0027588,0.1297
INS_0033405,0.4614
INS_0028978,0.4994
INS_0029835,0.296
INS_0029234,0.1203
INS_0029112,0.251
INS_0033166,0.0324
INS_0026761,0.4803
INS_0031302,0.3577
INS_0027520,0.1558
INS_0029026,0.4882
INS_0032498,0.0868
INS_0027985,0.5282
INS_0030422,0.0739
INS_0033596,0.5672
INS_0029633,0.0003
INS_0031888,0.0305
INS_0029410,1.0031
INS_0033064,0.163
INS_0031445,0.0772
INS_0029491,1.482
INS_0026747,0.0001
INS_0033253,0.1521
INS_0028229,0.4583
INS_0028128,0.0531
INS_0033428,0.5744
INS_0029323,0.035
INS_0029607,0.3345
INS_0030521,0.0362
INS_0027341,0.0453
INS_0028675,0.0712
INS_0026777,0.093
INS_0031536,0.6624
INS_0030944,0.1809
INS_0032436,0.9958
INS_0033354,0.1406
INS_0030147,0.3855
INS_0030081,0.2395
INS_0029123,0.1754
INS_0029062,0.0002
INS_0032455,0.3664
INS_0031875,0.313
INS_0032090,0.2176
INS_0030109,0.1044
INS_0031589,0.0481
INS_0026823,0.0002
INS_0028376,0.1728
INS_0028637,0.732
INS_0029126,1.0483
INS_0032156,0.9634
INS_0029383,0.8861
INS_0031121,0.1404
INS_0032034,0.2005
INS_0031815,0.3199
INS_0032717,0.4188
INS_0027810,0.1408
INS_0028126,0.6562
INS_0030105,0.2522
INS_0027846,0.2241
INS_0032461,0.0409
INS_0031635,0.257
INS_0027869,0.3465
INS_0033567,0.0003
INS_0026185,0.1771
INS_0026488,1.4647
INS_0028882,0.4831
INS_0029012,0.7432
INS_0030032,0.6069
INS_0032410,0.3332
INS_0027738,0.1234
INS_0028925,0.7816
INS_0030196,0.3151
INS_0028059,0.1495
INS_0028574,0.0451
INS_0028204,0.1502
INS_0027414,0.0712
INS_0031556,0.5637
INS_0028065,0.3581
INS_0033666,0.055
INS_0029417,0.6756
INS_0029358,0.2003
INS_0031983,0.3699
INS_0028207,0.1118
INS_0026600,0.8203
INS_0033563,0.3478
INS_0027946,0.6032
INS_0033612,0.1163
INS_0028375,0.2048
INS_0030160,0.8289
INS_0030467,0.0001
INS_0033202,0.3286
INS_0031863,0.2898
INS_0029197,0.5272
INS_0032689,0.4554
INS_0028356,0.1588
INS_0033444,0.2468
INS_0027306,0.0675
INS_0032845,0.0766
INS_0030975,0.2737
INS_0030862,0.0329
INS_0026922,0.4494
INS_0031009,0.1845
INS_0032303,0.15
INS_0032111,0.0958
INS_0033334,1.1279
INS_0027517,0.5113
INS_0026637,0.0001
INS_0028556,0.1359
INS_0033380,0.0001
INS_0031492,0.4497
INS_0026549,0.2191
INS_0029589,0.6171
INS_0032621,0.0004
INS_0028393,0.1124
INS_0031364,0.3228
INS_0029572,0.0585
INS_0029672,0.3763
INS_0029335,0.2382
INS_0029341,0.138
INS_0032404,0.0933
INS_0029988,0.4485
INS_0027726,0.339
INS_0026623,0.143
INS_0031903,0.482
INS_0026419,0.591
INS_0030264,0.4642
INS_0026533,0.1
INS_0026319,0.473
INS_0027752,0.562
INS_0028954,0.0003
INS_0031225,0.2801
INS_0028101,0.1647
INS_0028974,0.0921
INS_0026711,1.779
INS_0029721,0.0916
INS_0032510,0.0757
INS_0029136,0.1496
INS_0032907,0.0296
INS_0030883,0.3444
INS_0028789,0.2357
INS_0033603,0.0002
INS_0032765,0.1103
INS_0029977,0.2021
INS_0028787,0.1184
INS_0032740,0.2196
INS_0026420,0.3105
INS_0026660,0.8754
INS_0028767,0.8905
INS_0030447,0.89
INS_0028491,0.0945
INS_0031162,0.2371
INS_0028699,0.0735
INS_0031199,0.1083
INS_0031143,0.3632
INS_0026729,0.3633
INS_0026500,0.0002
INS_0026243,0.5194
INS_0027532,0.346
INS_0027690,0.6589
INS_0030120,0.0688
INS_0029673,0.0866
INS_0030212,0.122
INS_0030333,0.0437
INS_0033118,0.0606
INS_0026844,0.0002
INS_0030976,0.131
INS_0028486,0.1964
INS_0032259,0.3999
INS_0031996,0.3501
INS_0030982,0.3326
INS_0031049,0.8693
INS_0030963,0.0003
INS_0031339,0.2032
INS_0033419,0.8801
INS_0030567,0.614
INS_0033223,0.0002
INS_0032575,0.2491
INS_0030628,0.152
INS_0029609,0.1844
INS_0031531,0.0926
INS_0031881,0.2611
INS_0026857,0.1669
INS_0028686,0.1797
INS_0028404,0.1506
INS_0027792,0.1284
INS_0032421,0.3238
INS_0029310,0.143
INS_0027587,0.2273
INS_0028553,0.1199
INS_0026776,0.3091
INS_0028182,0.1449
INS_0026136,0.2257
INS_0029558,0.0001
INS_0030211,0.141
INS_0026190,0.0003
INS_0033046,0.3324
INS_0026983,0.6524
INS_0027932,0.0006
INS_0026290,0.0964
INS_0028602,0.0766
INS_0031360,0.1671
INS_0028223,0.2634
INS_0028020,0.6052
INS_0030163,1.1306
INS_0026469,0.9816
INS_0032794,0.0002
INS_0030392,0.0003
INS_0029499,0.6709
INS_0031550,0.5715
INS_0028852,0.1376
INS_0027969,0.0909
INS_0026545,0.2559
INS_0028276,0.4833
INS_0030502,0.149
INS_0028465,0.257
INS_0033644,0.1371
INS_0027670,0.2805
INS_0027761,0.0002
INS_0029959,0.5554
INS_0032131,0.1427
INS_0029471,1.9118
INS_0029556,0.0002
INS_0030102,0.2782
INS_0027286,0.1006
INS_0029683,0.0872
INS_0031714,0.6449
INS_0033538,0.2488
INS_0027565,0.1356
INS_0028845,0.893
INS_0030513,0.1682
INS_0028117,0.5103
INS_0031203,0.0963
INS_0029655,0.0488
INS_0027309,0.1112
INS_0033282,0.2071
INS_0033473,0.5589
INS_0030716,0.1781
INS_0033068,0.3483
INS_0029993,0.2069
INS_0027420,0.1121
INS_0032046,0.1519
INS_0027524,0.419
INS_0032521,0.4089
INS_0027361,0.0512
INS_0028906,0.0269
INS_0033076,0.2271
INS_0026132,0.0002
INS_0030886,0.2832
INS_0032368,0.1063
INS_0029945,0.5817
INS_0031482,0.5631
INS_0028091,0.0447
INS_0026202,1.041
INS_0031129,0.3723
INS_0030943,2.1776
INS_0027583,0.1562
INS_0030949,1.0407
INS_0029717,0.4169
INS_0028080,0.5381
INS_0029161,0.2403
INS_0032872,0.1021
INS_0031286,0.3943
INS_0031112,0.2975
INS_0029160,0.1783
INS_0030013,0.2299
INS_0032895,0.8346
INS_0027750,0.9711
INS_0030663,0.4086
INS_0030027,0.5834
INS_0031084,0.0434
INS_0032954,2.1116
INS_0028689,1.0915
INS_0027787,0.4214
INS_0029451,0.0336
INS_0028810,0.0622
INS_0030355,0.1108
INS_0033112,0.2652
INS_0031632,1.0515
INS_0033445,0.2227
INS_0027478,0.5116
INS_0027727,0.4621
INS_0031814,0.3472
INS_0028909,1.1742
INS_0031971,0.8853
INS_0027443,0.1141
INS_0033641,0.2001
INS_0028601,0.2157
INS_0027997,0.3138
INS_0032069,0.0797
INS_0032647,0.446
INS_0032319,0.0636
INS_0030416,0.1371
INS_0028657,0.2369
INS_0028612,0.1361
INS_0026374,0.4184
INS_0029297,0.4462
INS_0029333,0.072
INS_0028467,0.1825
INS_0030074,0.0695
INS_0027136,0.2561
INS_0026945,0.042
INS_0027330,0.0933
INS_0029089,0.6972
INS_0029843,0.0611
INS_0027789,0.2957
INS_0027575,0.5202
INS_0027500,0.1367
INS_0026249,0.1921
INS_0031164,0.2393
INS_0031042,0.2729
INS_0027161,1.3206
INS_0030042,0.2554
INS_0033398,0.4314
INS_0026860,0.6229
INS_0033347,0.4109
INS_0032049,0.0002
INS_0032176,0.3228
INS_0030514,0.065
INS_0028604,0.55
INS_0029767,0.2999
INS_0029149,0.1533
INS_0028414,0.775
INS_0027423,0.3701
INS_0028185,0.1476
INS_0030228,0.0001
INS_0027308,0.2137
INS_0031549,0.2974
INS_0027632,0.6287
INS_0028631,1.1293
INS_0031358,0.0384
INS_0028386,0.1297
INS_0028420,0.4814
INS_0028526,0.9665
INS_0026429,0.063
INS_0026224,0.1725
INS_0033577,0.2246
INS_0031349,1.0038
INS_0031862,0.1266
INS_0030029,0.1059
INS_0031229,0.7011
INS_0028748,0.525
INS_0028270,0.215
INS_0032933,0.0395
INS_0028837,0.2115
INS_0027964,0.0639
INS_0029782,0.1026
INS_0032645,0.0002
INS_0026444,1.2071
INS_0026323,0.0716
INS_0028485,0.7848
INS_0032886,0.0688
INS_0029787,0.4114
INS_0031108,0.2158
INS_0030991,0.1302
INS_0026722,0.4179
INS_0033219,0.1081
INS_0032311,0.1487
INS_0029404,2.0144
INS_0028916,0.1333
INS_0031177,0.1991
INS_0026358,0.2492
INS_0027492,1.0937
INS_0031773,0.6651
INS_0028197,1.0977
INS_0028807,0.1129
INS_0030916,0.0248
INS_0032145,0.0003
INS_0032596,0.1513
INS_0031422,0.4318
INS_0033249,0.2537
INS_0031933,0.2985
INS_0029801,0.3631
INS_0031982,0.3972
INS_0030468,1.1049
INS_0027190,0.0405
INS_0028391,0.8438
INS_0028189,0.1781
INS_0031659,0.0613
INS_0027078,0.0539
INS_0027160,0.1952
INS_0026123,0.5474
INS_0030942,0.5704
INS_0033521,0.2351
INS_0031022,1.8741
INS_0027415,0.7964
INS_0032668,0.4586
INS_0028070,0.1371
INS_0033072,0.0001
INS_0031099,0.0002
INS_0026712,2.544
INS_0032516,0.0875
INS_0030496,0.0766
INS_0029191,0.3484
INS_0027590,0.8787
INS_0031051,0.3912
INS_0028752,0.2461
INS_0026465,1.3751
INS_0026772,0.1785
INS_0028820,0.6948
INS_0028800,0.0358
INS_0031647,0.0498
INS_0033159,0.0002
INS_0026402,1.6141
INS_0027459,0.6106
INS_0033413,0.0001
INS_0026667,1.2729
INS_0028502,0.0869
INS_0027008,0.1451
INS_0032844,0.0677
INS_0029413,0.3715
INS_0030685,0.0982
INS_0032489,0.1556
INS_0026889,0.4661
INS_0032447,0.2656
INS_0028729,0.6033
INS_0027117,0.15
INS_0030261,0.6297
INS_0028227,0.0486
INS_0031361,0.7209
INS_0028506,0.0764
INS_0029853,0.1173
INS_0028515,0.1426
INS_0026720,0.0001
INS_0026393,0.664
INS_0026820,0.0828
INS_0026515,0.6801
INS_0030415,0.3094
INS_0030574,0.9395
INS_0032092,0.108
INS_0029356,0.1413
INS_0030915,0.4452
INS_0031703,0.0448
INS_0027610,0.2049
INS_0032351,0.493
INS_0026697,0.0811
INS_0026508,1.2621
INS_0032295,0.7211
INS_0027834,0.0837
INS_0028384,0.2172
INS_0032633,0.1895
INS_0026347,0.124
INS_0028895,0.1524
INS_0027043,0.785
INS_0028831,0.099
INS_0028891,0.4389
INS_0030033,0.0594
INS_0026713,0.9272
INS_0028605,0.5452
INS_0030543,0.0477
INS_0030229,0.1897
INS_0032183,0.073
INS_0032602,0.1046
INS_0028283,0.1376
INS_0026307,1.1335
INS_0032279,0.5853
INS_0031885,0.1708
INS_0032380,0.2983
INS_0029803,0.0003
INS_0031153,1.1668
INS_0032833,0.9764
INS_0031975,0.2271
INS_0026972,0.2537
INS_0033622,0.2421
INS_0026876,0.0001
INS_0028009,0.2213
INS_0026862,0.6367
INS_0032226,0.6086
INS_0032223,0.8198
INS_0029625,0.0976
INS_0031298,0.2331
INS_0026159,0.8248
INS_0031575,0.1601
INS_0032772,0.1251
INS_0030117,0.6347
INS_0032944,0.2098
INS_0029588,0.3108
INS_0028118,0.0409
INS_0028905,0.1235
INS_0031974,0.0597
INS_0029628,0.1704
INS_0027169,0.583
INS_0029876,1.8304
INS_0031673,0.0522
INS_0030672,0.3271
INS_0033108,0.2212
INS_0027550,0.951
INS_0032356,1.1266
INS_0027748,0.0296
INS_0028029,0.3976
INS_0032523,0.2872
INS_0033595,0.2099
INS_0026341,1.0727
INS_0026394,0.1876
INS_0031517,0.4959
INS_0031747,0.0443
INS_0029409,0.7432
INS_0033098,0.1647
INS_0032814,0.109
INS_0032754,0.5474
INS_0031271,0.2949
INS_0028077,0.5561
INS_0032469,0.134
INS_0032040,0.0533
INS_0026387,0.0759
INS_0026523,0.0859
INS_0032785,0.1447
INS_0033048,0.2544
INS_0028342,0.1055
INS_0030712,0.464
INS_0030619,0.2509
INS_0032911,0.6982
INS_0031883,0.1529
INS_0032396,0.5439
INS_0029560,0.1188
INS_0031015,0.0001
INS_0027278,0.8012
INS_0031326,0.1077
INS_0030906,0.0002
INS_0032686,0.1342
INS_0031742,0.0949
INS_0029258,0.74
INS_0026864,0.2401
INS_0028106,0.0352
INS_0031237,0.2136
INS_0026152,2.5794
INS_0028718,0.5322
INS_0032528,0.0928
INS_0031920,1.0492
INS_0027850,0.2322
INS_0031771,0.1512
INS_0026298,0.0002
INS_0033226,0.6822
INS_0029179,0.727
INS_0029044,0.7711
INS_0032934,0.0499
INS_0026951,0.0001
INS_0029146,0.0699
INS_0030742,0.3583
INS_0031398,0.3186
INS_0026891,0.0707
INS_0033500,0.1299
INS_0029762,0.0398
INS_0031848,0.1048
INS_0027577,0.1939
INS_0026472,0.1971
INS_0032694,0.7109
INS_0028744,0.7341
INS_0028158,0.281
INS_0033165,0.1425
INS_0031707,0.0535
INS_0028970,0.2098
INS_0031873,0.083
INS_0031984,0.2357
INS_0027694,0.1174
INS_0032283,0.8173
INS_0027703,0.2498
INS_0033302,0.6306
INS_0028932,0.247
INS_0031943,0.6081
INS_0029376,0.1225
INS_0027374,0.3701
INS_0030299,0.0371
INS_0030424,0.3191
INS_0027123,0.4187
INS_0032853,0.1762
INS_0030512,0.495
INS_0026216,0.3388
INS_0028056,0.0919
INS_0032164,0.0818
INS_0028531,0.1184
INS_0032096,0.0857
INS_0033020,0.111
INS_0033030,0.5997
INS_0027400,0.7621
INS_0032605,0.1002
INS_0032719,0.6892
INS_0031872,0.1558
INS_0030584,1.931
INS_0030203,0.359
INS_0032449,0.0697
INS_0032836,0.0821
INS_0028012,0.3967
INS_0028879,0.0223
INS_0032905,0.5033
INS_0028673,1.341
INS_0032961,0.3463
INS_0033404,0.1263
INS_0031150,0.4217
INS_0027977,0.4739
INS_0028805,0.1335
INS_0027476,0.2579
INS_0032188,0.0792
INS_0028024,0.1957
INS_0031480,0.5382
INS_0032763,0.0891
INS_0026345,0.1521
INS_0027440,0.0865
INS_0033296,0.0002
INS_0033583,0.3478
INS_0026455,0.0003
INS_0032832,0.7052
INS_0026158,0.281
INS_0028873,0.6012
INS_0030348,0.0434
INS_0031562,0.0865
INS_0032169,0.1048
INS_0029275,1.2315
INS_0028782,0.177
INS_0030523,0.6708
INS_0031090,0.1238
INS_0027584,0.4655
INS_0032705,0.1639
INS_0032066,0.1864
INS_0030326,0.3939
INS_0033457,0.4475
INS_0033034,0.0506
INS_0026422,0.0003
INS_0032078,0.0002
INS_0028719,0.3261
INS_0029814,0.3085
INS_0031376,0.0369
INS_0033517,0.3595
INS_0028410,0.4201
INS_0029326,0.2898
INS_0030814,0.0646
INS_0027696,0.719
INS_0028211,0.1411
INS_0032567,0.0001
INS_0029479,0.0002
INS_0030089,0.5725
INS_0031115,0.3507
INS_0028267,0.3295
INS_0026273,0.5936
INS_0027318,0.4831
INS_0029473,0.5353
INS_0029657,0.7188
INS_0031697,0.1773
INS_0030304,0.1812
INS_0027044,0.1417
INS_0033352,0.0665
INS_0026164,2.1765
INS_0033043,0.1071
INS_0031842,0.1687
INS_0032347,0.8045
INS_0028043,0.0822
INS_0027635,0.0287
INS_0031412,0.2711
INS_0031957,0.155
INS_0030239,0.0002
INS_0031005,0.2065
INS_0030962,0.6381
INS_0032495,0.0203
INS_0033208,0.1282
INS_0026160,0.3081
INS_0029561,0.3675
INS_0029723,0.3588
INS_0029821,0.44
INS_0028693,0.0992
INS_0027804,0.05
INS_0027026,0.7953
INS_0029981,0.2084
INS_0027326,0.4875
INS_0028110,0.0136
INS_0027868,0.105
INS_0030300,0.0002
INS_0029793,0.2198
INS_0031919,0.0336
INS_0027342,0.2052
INS_0027843,0.1194
INS_0031140,0.0805
INS_0029017,0.2359
INS_0029830,0.1206
INS_0030936,0.4866
INS_0029730,0.0254
INS_0026351,2.9336
INS_0030178,0.4425
INS_0027182,0.7107
INS_0033103,0.6598
INS_0028881,0.182
INS_0032830,0.0001
INS_0027089,0.133
INS_0028398,0.0762
INS_0031205,0.0002
INS_0033657,0.323
INS_0030848,0.6498
INS_0030254,0.0615
INS_0027803,0.951
INS_0026184,0.0004
INS_0029820,1.0729
INS_0026262,0.5145
INS_0031079,0.0451
INS_0031131,0.1192
INS_0033604,0.5294
INS_0027528,0.081
INS_0028836,0.0813
INS_0031002,0.1254
INS_0032622,0.2728
INS_0031850,0.5143
INS_0028062,0.261
INS_0028281,0.2014
INS_0033639,0.035
INS_0029329,0.2181
INS_0028997,0.0668
INS_0029361,0.1337
INS_0030183,0.0917
INS_0030945,0.7129
INS_0032725,0.0471
INS_0026342,0.7719
INS_0031861,0.1576
INS_0030433,0.1501
INS_0033299,0.2954
INS_0030317,0.1133
INS_0027758,0.8389
INS_0027280,0.158
INS_0028857,0.1661
INS_0028433,0.8612
INS_0030610,0.1152
INS_0033403,0.0626
INS_0030978,0.2945
INS_0026738,0.164
INS_0028127,0.7217
INS_0030187,0.7758
INS_0033602,0.0179
INS_0030796,0.1774
INS_0027469,0.2456
INS_0028870,0.0537
INS_0029031,0.1973
INS_0029900,0.0002
INS_0027605,0.5776
INS_0033115,0.0794
INS_0027384,0.0748
INS_0026825,0.2326
INS_0033295,0.6263
INS_0027463,0.0201
INS_0029398,0.0001
INS_0026107,1.7531
INS_0031976,0.0538
INS_0030334,0.3176
INS_0029951,0.0808
INS_0032519,0.1269
INS_0033216,0.0539
INS_0030519,0.0002
INS_0031181,0.0704
INS_0028435,2.2285
INS_0030854,0.4301
INS_0028361,0.0555
INS_0026719,0.0005
INS_0027649,0.11
INS_0033459,0.105
INS_0027340,0.5181
INS_0027990,0.1482
INS_0030902,0.0198
INS_0028252,1.301
INS_0027083,0.1554
INS_0026175,0.4582
INS_0032727,0.2203
INS_0031718,0.3169
INS_0028567,0.1211
INS_0030714,1.5122
INS_0029362,0.2647
INS_0031790,0.0768
INS_0032390,0.1328
INS_0028112,0.0001
INS_0027516,0.3177
INS_0026195,0.4314
INS_0027668,0.0662
INS_0026292,0.2697
INS_0031322,0.0001
INS_0027892,0.2869
INS_0031116,0.1389
INS_0028303,0.5067
INS_0031583,0.0799
INS_0032949,0.6216
INS_0029029,0.2962
INS_0026586,0.1957
INS_0027458,0.1877
INS_0031995,0.2624
INS_0032075,0.4499
INS_0027393,0.9499
INS_0030645,0.0937
INS_0029769,0.1316
INS_0033566,0.2126
INS_0032703,0.0003
INS_0033485,0.0001
INS_0029093,0.218
INS_0029344,1.6593
INS_0029915,0.3754
INS_0030924,0.0919
INS_0029247,0.2553
INS_0032165,0.5117
INS_0027796,0.7188
INS_0032043,0.7817
INS_0032552,0.8039
INS_0033029,0.0727
INS_0030727,0.1958
INS_0028934,0.091
INS_0029406,0.8436
INS_0028025,0.9924
INS_0028149,0.4846
INS_0031300,0.0302
INS_0029508,0.1026
INS_0029755,0.0002
INS_0027095,0.2155
INS_0031895,0.0986
INS_0031757,0.2321
INS_0033318,0.0528
INS_0027103,0.159
INS_0032217,0.4
INS_0026695,0.0002
INS_0030602,0.1567
INS_0030730,0.8982
INS_0026522,0.0003
INS_0026859,0.2126
INS_0026596,0.4068
INS_0029819,0.5449
INS_0031687,0.0002
INS_0032246,0.5277
INS_0032574,0.043
INS_0028272,0.7221
INS_0029302,0.3311
INS_0028892,1.5747
INS_0026173,0.3026
INS_0028155,0.7332
INS_0026816,0.0013
INS_0032072,0.7308
INS_0032490,0.0001
INS_0031764,0.1696
INS_0030557,0.6858
INS_0032291,0.0002
INS_0032707,0.0002
INS_0027159,0.7427
INS_0032805,0.3521
INS_0027445,0.9533
INS_0032446,0.3545
INS_0033279,0.2864
INS_0026240,0.3705
INS_0029500,0.3566
INS_0030707,0.5127
INS_0032924,0.9871
INS_0026904,0.7692
INS_0029447,0.6058
INS_0027732,0.0373
INS_0031637,0.1536
INS_0033600,0.0508
INS_0031037,0.5998
INS_0032910,0.2859
INS_0026330,0.2076
INS_0032682,0.2342
INS_0026470,0.3448
INS_0027992,0.0801
INS_0031403,0.1745
INS_0026542,1.1495
INS_0027311,0.0954
INS_0028444,0.1053
INS_0028044,0.6063
INS_0027898,1.2272
INS_0033631,0.0578
INS_0031219,0.1069
INS_0033454,0.1926
INS_0027178,0.1391
INS_0032589,0.0538
INS_0029802,0.2714
INS_0027589,0.1168
INS_0027854,0.0844
INS_0026730,0.9481
INS_0031299,0.1499
INS_0033424,0.3177
INS_0028968,0.0547
INS_0031599,0.6606
INS_0031414,0.1313
INS_0031346,0.0475
INS_0031569,0.5299
INS_0028510,0.1098
INS_0027541,0.2794
INS_0029443,0.0649
INS_0028535,0.1416
INS_0028286,0.5494
INS_0027412,0.5295
INS_0029296,0.2561
INS_0031526,0.2005
INS_0026985,0.2974
INS_0032497,0.11
INS_0031154,0.2915
INS_0029634,0.3156
INS_0028172,0.0232
INS_0031956,0.1222
INS_0032677,0.2588
INS_0030179,0.7849
INS_0026153,0.3055
INS_0031443,0.0003
INS_0028703,0.1417
INS_0029454,0.3656
INS_0032813,0.278
INS_0027954,0.0718
INS_0026215,0.3151
INS_0033316,0.1374
INS_0027781,0.0886
INS_0032415,0.5426
INS_0032305,0.1594
INS_0033292,0.6255
INS_0029877,0.0002
INS_0031574,0.6828
INS_0027450,0.0878
INS_0028425,0.2341
INS_0028617,0.3847
INS_0031365,0.3821
INS_0027266,0.2106
INS_0031308,0.7432
INS_0029923,0.2588
INS_0026622,0.5912
INS_0030576,0.1829
INS_0033547,0.0002
INS_0028061,0.1436
INS_0031201,0.1497
INS_0029476,0.0002
INS_0032802,0.0025
INS_0030347,0.2295
INS_0026890,0.1145
INS_0031426,0.194
INS_0029536,0.0554
INS_0029684,0.0002
INS_0032997,0.1598
INS_0032868,0.091
INS_0030401,0.1211
INS_0030009,0.2375
INS_0026991,0.0331
INS_0029537,0.1359
INS_0026525,0.0448
INS_0030553,0.1635
INS_0033646,0.2656
INS_0026510,0.2386
INS_0031284,0.41
INS_0028137,0.2291
INS_0029221,0.2467
INS_0026892,1.038
INS_0028983,0.4096
INS_0026987,1.479
INS_0031498,0.2073
INS_0026609,0.3393
INS_0032770,0.3094
INS_0031384,0.1641
INS_0033476,0.132
INS_0031760,0.193
INS_0030618,0.3325
INS_0029543,0.1195
INS_0030652,0.4387
INS_0029251,0.335
INS_0032044,0.2676
INS_0027354,0.0183
INS_0033528,1.6744
INS_0027716,0.0006
INS_0029176,0.0574
INS_0033164,0.0702
INS_0026258,0.0001
INS_0031907,0.0933
INS_0033668,0.2052
INS_0030174,0.0982
INS_0028200,0.984
INS_0029734,0.3464
INS_0026575,0.8126
INS_0028231,0.9266
INS_0027640,0.2114
INS_0031296,0.0004
INS_0029564,0.1183
INS_0027887,0.0312
INS_0029649,0.1596
INS_0033311,0.2045
INS_0029141,0.0827
INS_0028960,0.3889
INS_0028333,0.1929
INS_0029436,0.2888
INS_0031889,0.1579
INS_0031152,0.2852
INS_0030275,0.709
INS_0032698,0.3821
INS_0032427,0.0003
INS_0032553,1.4231
INS_0031459,0.2948
INS_0028492,0.1126
INS_0027773,0.1048
INS_0032722,0.0783
INS_0031847,0.4269
INS_0032606,0.1786
INS_0029860,0.3583
INS_0031949,0.839
INS_0026329,0.1362
INS_0030535,2.785
INS_0026423,1.6178
INS_0031596,0.2782
INS_0026619,0.0002
INS_0029391,0.1196
INS_0033621,0.428
INS_0029671,0.1851
INS_0029979,0.6456
INS_0032834,0.0756
INS_0032511,0.1723
INS_0026630,0.2144
INS_0029184,0.2536
INS_0029982,0.0699
INS_0028473,0.3073
INS_0029868,0.0277
INS_0028125,0.3172
INS_0028736,0.0001
INS_0027737,0.0322
INS_0026425,0.0001
INS_0029069,0.3497
INS_0027951,0.0005
INS_0031787,0.222
INS_0028389,1.1474
INS_0027808,0.1386
INS_0027624,0.149
INS_0030353,0.0463
INS_0030049,0.3669
INS_0027290,0.2751
INS_0026962,0.1907
INS_0029240,0.1071
INS_0032546,0.0682
INS_0029936,0.3019
INS_0028019,0.1045
INS_0027110,0.757
INS_0031329,0.1471
INS_0030792,0.3074
INS_0027816,0.0205
INS_0030119,0.1023
INS_0028489,0.406
INS_0032391,0.3184
INS_0030485,0.4816
INS_0032980,0.2083
INS_0029337,0.0885
INS_0030813,0.1165
INS_0030258,0.2896
INS_0028330,1.3529
INS_0030085,0.1637
INS_0032442,0.044
INS_0028415,0.9487
INS_0027252,0.1113
INS_0029290,0.2215
INS_0028098,0.849
INS_0026479,0.0575
INS_0033090,0.1297
INS_0032480,0.0001
INS_0031844,0.0751
INS_0029468,0.6547
INS_0028530,0.133
INS_0031408,0.5469
INS_0027417,0.4658
INS_0029613,0.1881
INS_0029754,0.111
INS_0029402,0.1944
INS_0033582,0.7968
INS_0027676,0.9257
INS_0032294,0.0984
INS_0031900,0.1884
INS_0029005,0.4884
INS_0031020,0.387
INS_0029669,0.2321
INS_0028667,0.109
INS_0031114,0.4431
INS_0027127,0.34
INS_0031104,0.0001
INS_0031207,0.372
INS_0033536,0.1733
INS_0031383,0.3779
INS_0030241,0.0595
INS_0027510,0.2441
INS_0033113,0.1903
INS_0029757,0.2724
INS_0029881,0.2915
INS_0027483,0.1472
INS_0026300,0.3025
INS_0031460,0.5635
INS_0028247,0.7076
INS_0026561,0.3587
INS_0028654,0.0544
INS_0027775,0.1293
INS_0028280,0.3119
INS_0028827,0.7885
INS_0033183,0.0002
INS_0026636,0.075
INS_0033374,0.1239
INS_0027523,0.0865
INS_0032224,0.2474
INS_0028188,0.0001
INS_0031394,0.4348
INS_0028542,0.0206
INS_0026245,0.0003
INS_0030374,0.4251
INS_0033564,0.1048
INS_0026852,1.2455
INS_0028967,0.1567
INS_0026198,3.9152
INS_0026541,0.232
INS_0033077,0.309
INS_0033501,0.0692
INS_0027097,0.5831
INS_0026311,2.2322
INS_0026799,0.0006
INS_0033269,0.3871
INS_0027853,0.2155
INS_0026558,0.998
INS_0030853,0.2063
INS_0030169,0.6523
INS_0032010,0.1428
INS_0032334,0.5073
INS_0031127,0.3115
INS_0031496,1.2964
INS_0026740,0.3504
INS_0029937,0.0227
INS_0033163,0.0541
INS_0030062,0.9704
INS_0030622,0.2421
INS_0033323,0.0728
INS_0028426,0.1438
INS_0031537,0.0628
INS_0028129,0.1668
INS_0026403,0.8811
INS_0030527,0.439
INS_0032975,0.5888
INS_0028639,0.7404
INS_0026221,0.4939
INS_0032266,0.2647
INS_0031328,0.0526
INS_0028146,0.2835
INS_0032671,0.1724
INS_0028032,0.237
INS_0026946,0.1185
INS_0030127,0.8393
INS_0031401,0.0508
INS_0032827,1.581
INS_0029461,0.0531
INS_0031285,0.1743
INS_0028676,0.1499
INS_0033187,0.0002
INS_0029872,0.0002
INS_0028208,0.3376
INS_0031123,0.0719
INS_0028595,0.181
INS_0027862,0.5124
INS_0032452,0.0002
INS_0031436,0.0903
INS_0031969,0.0353
INS_0027283,0.6069
INS_0029864,0.1662
INS_0028696,0.5071
INS_0029887,0.8971
INS_0029906,0.5398
INS_0026706,0.8628
INS_0032281,0.2404
INS_0027054,0.1738
INS_0030613,0.0465
INS_0028776,0.0504
INS_0032793,0.0707
INS_0031279,0.2974
INS_0032658,0.0664
INS_0029169,1.2727
INS_0031973,0.1944
INS_0030449,0.121
INS_0028157,0.4059
INS_0029196,0.163
INS_0026287,0.6441
INS_0027894,0.9986
INS_0028424,0.1687
INS_0033372,0.0181
INS_0029896,1.5872
INS_0031628,0.0688
INS_0032411,0.1115
INS_0033346,0.3094
INS_0031235,0.258
INS_0028413,0.1558
INS_0028224,0.0069
INS_0028300,0.0552
INS_0032048,0.1337
INS_0028533,0.1013
INS_0027259,0.5321
INS_0030151,0.5282
INS_0032628,0.2056
INS_0030041,0.3958
INS_0027749,0.0532
INS_0026921,0.0694
INS_0026673,1.4848
INS_0030764,0.4562
INS_0026312,0.0002
INS_0031438,0.3739
INS_0031255,0.3001
INS_0031594,0.0789
INS_0029809,0.1974
INS_0032357,0.1901
INS_0029571,0.0189
INS_0028015,0.0913
INS_0028325,2.0385
INS_0027346,0.0931
INS_0027759,0.6333
INS_0033121,0.8893
INS_0027352,0.1926
INS_0031318,0.5695
INS_0032582,0.049
INS_0029418,0.149
INS_0029551,0.3945
INS_0026295,0.554
INS_0028369,0.1259
INS_0031182,1.0866
INS_0031100,0.1144
INS_0033674,0.1643
INS_0027236,0.3943
INS_0028920,0.3522
INS_0028677,0.219
INS_0030144,0.4279
INS_0027289,0.2183
INS_0026786,0.9844
INS_0027762,0.6215
INS_0027227,0.2069
INS_0031870,0.1039
INS_0027059,0.1065
INS_0029168,1.4758
INS_0030781,0.285
INS_0027625,0.0595
INS_0026895,0.2642
INS_0031917,0.0492
INS_0033168,0.0851
INS_0026854,0.2537
INS_0033203,0.0927
INS_0032468,0.4897
INS_0026242,0.0967
INS_0028498,0.0692
INS_0029910,0.0004
INS_0028536,0.0839
INS_0031244,0.3442
INS_0031818,0.4075
INS_0028409,0.0309
INS_0028250,1.0516
INS_0031914,0.2263
INS_0033238,0.0276
INS_0031751,0.1467
INS_0029150,0.0002
INS_0032573,0.1194
INS_0033222,0.0689
INS_0030586,0.0002
INS_0029731,0.0003
INS_0028108,0.3945
INS_0029528,0.1193
INS_0028405,0.2092
INS_0027186,0.1673
INS_0033456,0.2323
INS_0033107,0.1237
INS_0027973,1.4726
INS_0032257,1.6514
INS_0033537,0.3835
INS_0031306,0.0779
INS_0026199,1.145
INS_0028483,0.4076
INS_0032809,0.324
INS_0026144,0.0002
INS_0032009,0.7118
INS_0026265,0.2526
INS_0031947,0.1233
INS_0027827,0.2333
INS_0032211,0.7434
INS_0026293,0.2036
INS_0028902,0.1223
INS_0029074,1.2496
INS_0033128,0.4407
INS_0030421,0.4267
INS_0028507,0.2363
INS_0029214,0.0853
INS_0029442,0.1667
INS_0027481,0.2273
INS_0031074,0.1606
INS_0031809,0.0335
INS_0030107,0.142
INS_0026858,0.2131
INS_0028496,0.3516
INS_0033258,0.5648
INS_0028311,0.1161
INS_0031083,0.465
INS_0027639,0.1928
INS_0029393,0.4454
INS_0029938,0.124
INS_0027375,0.5294
INS_0027230,0.7677
INS_0029759,0.2358
INS_0029236,1.1038
INS_0030934,2.1281
INS_0030193,0.1816
INS_0031636,0.3157
INS_0029301,0.1511
INS_0032527,0.0001
INS_0030658,0.113
INS_0029664,1.2829
INS_0028302,0.1244
INS_0028201,0.3892
INS_0033085,0.1927
INS_0033319,0.1872
INS_0030289,0.3115
INS_0028720,0.1854
INS_0030601,0.1165
INS_0033492,0.0139
INS_0027830,0.7173
INS_0026996,0.3195
INS_0033049,0.1594
INS_0033139,2.0784
INS_0029510,0.1523
INS_0028186,0.0686
INS_0026260,0.0004
INS_0027824,0.0801
INS_0028885,0.2506
INS_0030587,0.0727
INS_0027173,0.0815
INS_0028378,0.1896
INS_0026277,0.2687
INS_0033303,0.3955
INS_0027336,0.0712
INS_0031157,0.5667
INS_0029695,0.0747
INS_0029718,0.708
INS_0031610,1.0984
INS_0031046,0.7454
INS_0030840,0.3097
INS_0028826,0.6216
INS_0027023,0.0002
INS_0030380,1.4631
INS_0028490,0.4574
INS_0030556,0.4733
INS_0029305,0.31
INS_0031132,0.521
INS_0033114,0.2543
INS_0032175,0.1148
INS_0029353,0.3309
INS_0026127,1.6524
INS_0032007,0.0411
INS_0032871,0.0016
INS_0033309,0.0847
INS_0029573,0.5113
INS_0029217,0.0956
INS_0029466,0.29
INS_0031551,0.0922
INS_0026133,0.4145
INS_0026113,0.6159
INS_0033381,0.1158
INS_0031716,0.1218
INS_0028897,0.0002
INS_0030014,0.3935
INS_0030899,0.4475
INS_0029183,0.7896
INS_0033140,0.1874
INS_0032810,0.0828
INS_0027876,0.027
INS_0026810,0.2107
INS_0032665,0.1662
INS_0030280,0.1506
INS_0029929,0.0539
INS_0027764,0.0938
INS_0031654,0.0004
INS_0028198,1.1627
INS_0033369,0.4097
INS_0026280,1.0475
INS_0028607,0.2221
INS_0027066,0.1327
INS_0028537,0.1229
INS_0031830,0.3881
INS_0026279,0.1603
INS_0033543,0.1176
INS_0026520,0.197
INS_0027706,0.1994
INS_0029771,0.1339
INS_0030946,0.9774
INS_0033470,0.5235
INS_0029336,0.1022
INS_0033590,0.395
INS_0027139,0.3374
INS_0031008,0.1363
INS_0030562,0.8419
INS_0027729,0.2154
INS_0032800,0.2029
INS_0028479,0.9941
INS_0029054,0.4072
INS_0029480,0.2187
INS_0027913,0.4742
INS_0027215,0.6961
INS_0032470,0.7722
INS_0030515,1.2279
INS_0029162,0.1522
INS_0030841,0.0002
INS_0029042,0.1637
INS_0032963,0.1131
INS_0032704,0.0799
INS_0030885,0.0677
INS_0029167,0.2248
INS_0029081,0.1232
INS_0031065,0.2614
INS_0031264,0.104
INS_0031655,0.1889
INS_0032097,0.9264
INS_0027222,0.2884
INS_0027917,0.7853
INS_0030891,0.2099
INS_0032624,0.5136
INS_0031491,0.2386
INS_0026151,0.1577
INS_0027897,0.0683
INS_0028038,0.0966
INS_0029516,0.2852
INS_0028338,0.1619
INS_0027272,0.074
INS_0028263,0.1446
INS_0026603,0.9206
INS_0027935,0.2391
INS_0033130,0.0196
INS_0026755,0.749
INS_0027366,0.6223
INS_0027645,0.0343
INS_0030310,0.3171
INS_0028583,0.0666
INS_0032360,0.2824
INS_0032571,0.0002
INS_0026627,0.391
INS_0026831,0.3464
INS_0031758,0.2207
INS_0028284,0.6544
INS_0031031,1.0221
INS_0029117,0.5532
INS_0026119,0.0002
INS_0027257,0.1529
INS_0032019,0.3026
INS_0031095,0.0489
INS_0027428,0.0976
INS_0032493,0.0873
INS_0028647,0.1273
INS_0026984,0.0005
INS_0033503,0.2821
INS_0027728,0.3106
INS_0031735,0.0837
INS_0031477,0.3364
INS_0028981,0.0002
INS_0030297,0.1411
INS_0032632,0.8279
INS_0033358,0.058
INS_0032496,0.4677
INS_0026326,0.7813
INS_0029090,0.0317
INS_0026505,0.2783
INS_0032769,0.1943
INS_0029784,0.046
INS_0028139,0.1282
INS_0030423,0.1813
INS_0030847,0.0005
INS_0030142,0.3058
INS_0033662,0.318
INS_0030880,0.255
INS_0028114,0.3126
INS_0028449,0.2694
INS_0028448,0.663
INS_0026219,0.4608
INS_0032712,0.1861
INS_0030250,0.2316
INS_0030465,0.309
INS_0028466,0.0886
INS_0032616,0.1899
INS_0028655,1.4361
INS_0028366,0.0298
INS_0028402,0.1585
INS_0026878,1.8219
INS_0030998,0.1032
INS_0031288,0.9071
INS_0030048,0.0001
INS_0026435,0.1192
INS_0028218,0.5766
INS_0031338,0.0716
INS_0029095,0.1872
INS_0027141,0.182
INS_0027867,0.1177
INS_0026578,0.0003
INS_0032706,0.0002
INS_0032337,0.0385
INS_0031395,0.5371
INS_0031495,0.0382
INS_0027101,0.0865
INS_0027332,0.1171
INS_0030719,0.141
INS_0032583,0.3286
INS_0028788,0.1953
INS_0031363,0.6078
INS_0026902,0.0002
INS_0031026,0.3139
INS_0030322,0.0297
INS_0033194,0.2318
INS_0028588,0.4231
INS_0031262,1.2335
INS_0030850,0.1571
INS_0031458,0.0488
INS_0030822,0.2582
INS_0029554,0.222
INS_0028418,0.1392
INS_0026310,0.1709
INS_0029812,0.0002
INS_0026437,0.2326
INS_0026794,0.1314
INS_0033541,0.0828
INS_0031585,0.2331
INS_0032363,0.0776
INS_0029706,0.0778
INS_0029622,0.3645
INS_0028914,0.355
INS_0031295,0.0856
INS_0032331,0.2269
INS_0032613,0.178
INS_0030679,0.424
INS_0033078,2.4871
INS_0029156,0.5218
INS_0032215,0.3476
INS_0027786,1.2098
INS_0033468,0.9061
INS_0033109,0.0003
INS_0029917,0.5678
INS_0032804,0.2059
INS_0030630,0.0434
INS_0028153,0.077
INS_0029518,0.7571
INS_0031413,0.2991
INS_0028665,0.5164
INS_0031806,0.3562
INS_0029904,0.0771
INS_0026362,0.9987
INS_0029207,0.0355
INS_0030693,0.3995
INS_0027119,0.1268
INS_0031018,0.0383
INS_0027072,0.4813
INS_0031283,0.0837
INS_0030508,2.1358
INS_0033539,0.0971
INS_0032212,0.0414
INS_0029259,0.4506
INS_0031405,0.0808
INS_0031727,0.0001
INS_0028774,0.0003
INS_0031566,0.1778
INS_0030966,0.0551
INS_0031461,0.1683
INS_0027378,0.2874
INS_0026527,0.1659
INS_0029681,0.2064
INS_0029629,0.1138
INS_0028335,0.5463
INS_0030657,0.0
INS_0030276,0.619
INS_0030302,0.3104
INS_0032408,0.1937
INS_0032466,0.1823
INS_0033254,0.0001
INS_0030073,0.4167
INS_0033523,0.6404
INS_0026969,0.7469
INS_0027930,0.0207
INS_0032752,0.7715
INS_0031782,0.5675
INS_0026380,0.0475
INS_0030765,0.2841
INS_0030329,0.1599
INS_0027149,0.2813
INS_0026507,0.2412
INS_0032685,0.2915
INS_0027335,0.0822
INS_0029129,0.0004
INS_0033486,0.4003
INS_0026555,0.2361
INS_0031075,0.1702
INS_0032384,1.095
INS_0027757,0.1
INS_0029298,0.0432
INS_0033071,0.7745
INS_0031392,0.2067
INS_0031232,0.2198
INS_0033210,0.107
INS_0029756,0.0781
INS_0028511,0.5332
INS_0030591,0.494
INS_0028407,0.368
INS_0026447,0.522
INS_0033131,0.1393
INS_0028164,1.2426
INS_0032335,0.0598
INS_0031532,0.3425
INS_0029340,0.3403
INS_0032870,0.2214
INS_0026606,0.4304
INS_0031233,0.2814
INS_0026513,0.2089
INS_0031111,1.1271
INS_0028994,0.7287
INS_0029073,0.2171
INS_0027200,0.1815
INS_0028944,0.4698
INS_0030747,0.104
INS_0031967,0.0482
INS_0029971,0.2631
INS_0030607,0.1499
INS_0033355,0.3243
INS_0029867,0.1081
INS_0031441,0.0864
INS_0029570,0.7893
INS_0026327,0.1474
INS_0027504,0.1999
INS_0030493,0.4219
INS_0026220,0.3163
INS_0028190,0.2162
INS_0029222,0.5123
INS_0026252,0.0953
INS_0032790,0.2791
INS_0033420,0.232
INS_0026180,0.3513
INS_0030166,0.0794
INS_0031356,0.0996
INS_0033176,0.0002
INS_0031399,0.2284
INS_0026808,1.3929
INS_0033190,0.5952
INS_0030274,0.4338
INS_0031226,0.2836
INS_0030133,0.5488
INS_0026376,0.466
INS_0027901,0.5456
INS_0030980,0.1624
INS_0030518,0.191
INS_0033009,0.0308
INS_0030759,0.0002
INS_0028792,0.5571
INS_0026763,0.0003
INS_0028871,0.5559
INS_0030438,0.0293
INS_0027585,1.0253
INS_0027436,1.2382
INS_0030546,0.0005
INS_0030075,0.7923
INS_0026225,0.4084
INS_0027579,0.9195
INS_0029175,0.3074
INS_0026336,0.0003
INS_0026932,0.5015
INS_0029243,0.3481
INS_0032849,0.1315
INS_0030271,4.2593
INS_0033542,0.3445
INS_0031789,0.412
INS_0026434,0.6777
INS_0031462,0.4418
INS_0033328,0.0611
INS_0027441,0.2347
INS_0030034,0.2714
INS_0029689,2.2285
INS_0029051,0.0829
INS_0028191,0.1628
INS_0029374,0.0354
INS_0033326,0.1262
INS_0029039,0.3216
INS_0032592,0.115
INS_0029056,0.187
INS_0028783,0.0307
INS_0030815,0.18
INS_0030775,0.0883
INS_0029765,0.198
INS_0033589,0.0805
INS_0032715,0.0444
INS_0028796,0.2325
INS_0026235,1.9084
INS_0032608,0.1835
INS_0032611,2.0703
INS_0027380,0.0794
INS_0026764,0.9758
INS_0027994,0.7163
INS_0027333,0.1992
INS_0027109,0.149
INS_0030337,0.4254
INS_0030292,0.2754
INS_0027171,0.2968
INS_0032714,0.2844
INS_0028634,1.018
INS_0030220,0.3552
INS_0028148,0.8668
INS_0029268,0.6115
INS_0030595,0.6239
INS_0026642,0.1046
INS_0027961,0.2265
INS_0026282,0.0001
INS_0029264,0.9581
INS_0032588,0.0185
INS_0026179,0.4444
INS_0032185,1.0162
INS_0031524,0.3395
INS_0029242,0.1757
INS_0027229,0.4811
INS_0027611,1.2045
INS_0030824,0.1549
INS_0032579,0.0926
INS_0029485,0.1156
INS_0026948,0.0001
INS_0030225,1.433
INS_0030281,0.0714
INS_0031832,0.0003
INS_0031577,0.5236
INS_0029359,0.2502
INS_0031400,0.116
INS_0027650,0.2065
INS_0032110,0.254
INS_0029419,0.9581
INS_0033402,0.1582
INS_0032141,0.2334
INS_0032775,0.0745
INS_0032644,0.4983
INS_0027073,0.0994
INS_0033421,0.08
INS_0031859,0.5119
INS_0032912,0.2743
INS_0028464,0.5048
INS_0026454,0.0646
INS_0027192,0.3737
INS_0032777,0.3482
INS_0032900,0.0982
INS_0028332,0.8401
INS_0027907,0.1157
INS_0033329,0.7826
INS_0029638,0.0547
INS_0032013,0.1598
INS_0026767,0.0002
INS_0028813,0.1264
INS_0031617,0.106
INS_0028314,0.0929
INS_0029935,0.6295
INS_0027172,0.4921
INS_0029420,0.0494
INS_0032372,0.0001
INS_0031377,0.6653
INS_0029064,0.3447
INS_0032286,0.0146
INS_0026167,1.5906
INS_0032267,0.3232
INS_0030865,0.1227
INS_0027875,0.1247
INS_0033283,0.15
INS_0027387,0.1495
INS_0030235,0.101
INS_0031272,0.1175
INS_0026490,0.4883
INS_0030896,0.3799
INS_0027379,0.9869
INS_0027503,0.1612
INS_0029257,0.0717
INS_0027179,0.0601
INS_0030877,0.8844
INS_0033407,0.2568
INS_0030164,0.1162
INS_0027419,0.6149
INS_0031166,0.1194
INS_0031928,0.2891
INS_0026315,0.1466
INS_0032795,0.4014
INS_0030318,0.3169
INS_0031884,1.3593
INS_0029992,0.1232
INS_0032425,0.2137
INS_0029794,0.0002
INS_0030429,0.5972
INS_0029630,0.1573
INS_0029159,0.0445
INS_0026965,0.9644
INS_0030251,0.0941
INS_0030756,0.5913
INS_0029363,0.2405
INS_0031373,0.1886
INS_0027218,0.1999
INS_0027817,1.0778
INS_0031149,0.0256
INS_0032515,0.2837
INS_0028052,0.0449
INS_0033499,0.3294
INS_0033172,0.1777
INS_0029774,0.0002
INS_0033675,0.2132
INS_0027679,0.1092
INS_0032978,0.0831
INS_0029166,0.379
INS_0027837,0.1681
INS_0030359,0.4286
INS_0031096,0.0393
INS_0031595,0.1338
INS_0029733,0.0003
INS_0030328,0.1777
INS_0032669,0.0605
INS_0026129,0.9545
INS_0029339,0.2455
INS_0026646,1.1474
INS_0030922,0.3088
INS_0033436,0.1537
INS_0033597,0.0293
INS_0033507,0.1511
INS_0028113,1.3154
INS_0030043,0.769
INS_0030724,0.042
INS_0027183,0.5603
INS_0033137,0.1257
INS_0030579,0.6105
INS_0031927,2.032
INS_0031493,0.3339
INS_0032133,0.138
INS_0028456,0.492
INS_0027145,0.5874
INS_0026223,0.7475
INS_0030674,0.1988
INS_0027723,0.1159
INS_0030560,0.0463
INS_0026746,0.7655
INS_0026616,1.0239
INS_0031597,0.1486
INS_0028373,1.6481
INS_0030378,1.7597
INS_0031032,0.1104
INS_0030475,0.1232
INS_0033231,0.1272
INS_0030070,0.6884
INS_0032277,1.3425
INS_0027086,0.3164
INS_0032172,0.2377
INS_0026332,0.184
INS_0032227,0.4929
INS_0029857,2.3861
INS_0032959,0.0001
INS_0031822,0.294
INS_0030204,0.3388
INS_0033104,0.2108
INS_0032888,0.0942
INS_0026498,0.3986
INS_0028524,0.1006
INS_0028806,0.1247
INS_0027005,0.1899
INS_0031053,0.5759
INS_0029549,0.3428
INS_0032992,0.0308
INS_0031082,0.3087
INS_0029211,0.0002
INS_0026373,0.1627
INS_0031623,0.1453
INS_0029764,0.5473
INS_0030000,0.2863
INS_0031282,0.1118
INS_0029805,0.318
INS_0026819,0.7202
INS_0026377,0.0001
INS_0031423,0.1672
INS_0028084,0.2034
INS_0026504,0.1383
INS_0026114,0.0873
INS_0030855,0.5398
INS_0027608,0.0002
INS_0029592,0.091
INS_0032547,0.3655
INS_0031425,1.2254
INS_0029680,0.0003
INS_0032381,0.5291
INS_0032103,0.2754
INS_0033171,0.1496
INS_0028951,0.092
INS_0033086,0.3106
INS_0027558,0.0332
INS_0029357,0.3053
INS_0033087,0.438
INS_0029130,0.2322
INS_0030929,0.1626
INS_0030510,0.6074
INS_0029261,0.7706
INS_0028317,0.2737
INS_0028999,0.344
INS_0030555,1.2931
INS_0028453,0.5311
INS_0030732,1.6706
INS_0028438,1.0988
INS_0031726,0.0523
INS_0026594,1.4683
INS_0030697,0.6141
INS_0026155,0.2995
INS_0031093,0.4945
INS_0031695,0.1533
INS_0028377,0.6604
INS_0028173,0.179
INS_0027506,0.4813
INS_0030654,0.3956
INS_0032413,0.0415
INS_0026976,0.0308
INS_0031606,0.1918
INS_0029833,0.3004
INS_0031704,0.2142
INS_0026236,0.1257
INS_0029455,0.2212
INS_0033224,0.6042
INS_0026205,0.2242
INS_0030900,0.1543
INS_0030930,1.5595
INS_0026143,0.3335
INS_0027629,0.7747
INS_0029719,0.0002
INS_0030800,0.2883
INS_0032637,0.0001
INS_0026207,0.0513
INS_0031450,0.4341
INS_0028764,0.1442
INS_0028073,0.0628
INS_0027268,0.0985
INS_0030882,0.2326
INS_0026953,0.0001
INS_0026359,0.5218
INS_0032601,0.2624
INS_0028662,0.1817
INS_0026234,0.2222
INS_0028400,0.5996
INS_0027080,0.048
INS_0026781,0.1864
INS_0033601,0.0003
INS_0027205,1.0385
INS_0033415,0.1223
INS_0032322,0.2354
INS_0032364,0.0672
INS_0031178,0.1281
INS_0033584,0.0001
INS_0028527,0.4383
INS_0028893,0.0672
INS_0032755,0.025
INS_0029914,1.7729
INS_0027432,0.0883
INS_0027137,0.0748
INS_0033024,0.1045
INS_0029985,0.2546
INS_0030844,1.3069
INS_0030614,0.1957
INS_0026227,0.155
INS_0026590,0.304
INS_0033370,0.3979
INS_0032128,0.4954
INS_0033330,0.057
INS_0031567,0.1882
INS_0032540,0.0655
INS_0030731,0.0002
INS_0027493,0.2327
INS_0028685,0.3613
INS_0030729,0.0002
INS_0032488,0.0868
INS_0033263,0.0157
INS_0032492,0.2662
INS_0031683,0.0627
INS_0030583,0.3033
INS_0027295,0.0649
INS_0031187,0.1165
INS_0028867,0.1182
INS_0028812,0.6573
INS_0031048,0.038
INS_0031432,0.382
INS_0027381,0.2619
INS_0027663,0.4357
INS_0030409,0.5775
INS_0030772,0.1597
INS_0028057,0.1077
INS_0032904,0.1048
INS_0029279,0.112
INS_0030568,0.0647
INS_0033293,0.1698
INS_0028451,0.4022
INS_0028430,0.1833
INS_0033142,0.6917
INS_0027914,0.9346
INS_0033401,0.0982
INS_0032222,0.2768
INS_0029022,0.5665
INS_0026577,1.1288
INS_0033230,0.0651
INS_0027556,0.4086
INS_0029968,0.0544
INS_0027554,0.4132
INS_0031310,0.1136
INS_0029880,1.7109
INS_0031741,0.0625
INS_0028210,0.3367
INS_0029772,0.2341
INS_0030738,0.0485
INS_0030908,0.1678
INS_0028630,0.2279
INS_0031935,0.0001
INS_0032285,0.0018
INS_0027672,0.1834
INS_0028392,0.3356
INS_0030551,0.2125
INS_0030965,0.0404
INS_0030303,0.028
INS_0032190,1.5716
INS_0026192,1.7398
INS_0031468,0.4275
INS_0026954,0.0002
INS_0030839,0.9131
INS_0032336,0.3288
INS_0030371,0.045
INS_0026782,0.824
INS_0030435,0.0982
INS_0032407,0.0001
INS_0031979,0.3116
INS_0032065,0.2769
INS_0032459,0.2311
INS_0026672,1.1349
INS_0033462,0.1006
INS_0029379,0.0831
INS_0030743,0.0334
INS_0026662,0.0012
INS_0030691,0.0625
INS_0029679,0.4512
INS_0029644,0.0918
INS_0031539,0.3988
INS_0027734,1.6505
INS_0031827,0.0002
INS_0028559,0.2305
INS_0032136,0.0001
INS_0029732,0.0002
INS_0032083,0.1179
INS_0033443,0.0002
INS_0028000,0.3122
INS_0032976,0.1559
INS_0026554,0.6822
INS_0028599,0.585
INS_0027916,0.7371
INS_0029133,0.5047
INS_0033221,0.6432
INS_0030031,0.8533
INS_0032121,0.0478
INS_0031069,0.2079
INS_0027107,0.3652
INS_0030705,0.3282
INS_0029002,2.8962
INS_0033124,0.534
INS_0026328,0.7424
INS_0032681,0.1386
INS_0032735,0.0416
INS_0030558,0.0608
INS_0026161,0.5015
INS_0030948,1.3396
INS_0027017,1.5711
INS_0033138,1.2067
INS_0030402,0.5845
INS_0033021,0.2444
INS_0027207,0.1435
INS_0030221,0.0827
INS_0031039,0.1283
INS_0027507,0.0891
INS_0029052,0.8947
INS_0032320,0.2956
INS_0028244,0.3515
INS_0031593,0.3403
INS_0031997,0.1863
INS_0027950,0.0376
INS_0026601,0.1359
INS_0032218,0.1271
INS_0026559,0.0006
INS_0027502,0.0589
INS_0028151,0.0114
INS_0029997,0.4323
INS_0032697,0.0812
INS_0027684,0.5238
INS_0030500,0.0512
INS_0028763,0.4918
INS_0028880,0.6429
INS_0028307,0.5598
INS_0027606,0.288
INS_0030959,0.3077
INS_0028341,0.0804
INS_0031801,0.5473
INS_0027129,0.2915
INS_0026838,0.1665
INS_0028887,0.1761
INS_0029470,1.1578
INS_0030190,0.0002
INS_0030867,0.0503
INS_0033308,0.0787
INS_0029807,0.0915
INS_0028293,0.1088
INS_0030266,0.0001
INS_0029396,0.4811
INS_0026168,1.0133
INS_0032068,0.1987
INS_0031733,0.057
INS_0026442,0.1806
INS_0028138,0.5391
INS_0027212,0.1521
INS_0029321,0.2466
INS_0031535,0.1557
INS_0028133,1.1791
INS_0031183,0.1588
INS_0033025,0.1316
INS_0032000,1.364
INS_0031324,0.0423
INS_0033509,0.1785
INS_0026933,0.4876
INS_0033038,0.1239
INS_0032082,0.2307
INS_0027883,0.6756
INS_0028996,0.3683
INS_0026163,0.258
INS_0027601,0.5919
INS_0033204,0.2521
INS_0030437,0.3355
INS_0030849,0.4975
INS_0029174,0.7994
INS_0027960,0.2694
INS_0031921,0.3134
INS_0030889,0.3785
INS_0033007,0.4227
INS_0026947,0.0002
INS_0030106,0.3026
INS_0033389,0.2128
INS_0031829,0.3864
INS_0033661,0.433
INS_0029670,0.0268
INS_0033177,0.2686
INS_0030473,0.1759
INS_0030912,0.153
INS_0028094,0.0533
INS_0029643,0.0512
INS_0029147,0.0002
INS_0029308,0.0626
INS_0027918,0.0316
INS_0028695,0.5128
INS_0026925,0.1383
INS_0029742,0.2009
INS_0028225,0.0001
INS_0029354,0.4215
INS_0031833,0.379
INS_0033015,0.1617
INS_0026677,0.0001
INS_0027413,0.2865
INS_0028618,0.5337
INS_0029415,0.2018
INS_0026751,0.1946
INS_0027128,1.0133
INS_0030838,0.2977
INS_0032117,0.2338
INS_0029277,0.0381
INS_0032373,0.1569
INS_0030006,1.2415
INS_0032450,0.0009
INS_0028437,0.1382
INS_0029963,0.2111
INS_0029889,0.1171
INS_0027848,0.0585
INS_0033532,0.3737
INS_0027849,0.1583
INS_0032403,0.4316
INS_0026383,1.8902
INS_0026853,0.6827
INS_0027028,0.0005
INS_0027111,0.0666
INS_0031705,0.1056
INS_0031366,0.092
INS_0029381,0.3338
INS_0032858,0.1874
INS_0032936,0.5561
INS_0026485,0.0779
INS_0031319,0.225
INS_0031327,0.5613
INS_0027312,0.2553
INS_0027337,0.1137
INS_0031778,0.2532
INS_0031541,0.0866
INS_0027046,0.7853
INS_0029091,0.163
INS_0031543,0.0583
INS_0027277,0.6152
INS_0027093,0.0947
INS_0030418,0.1746
INS_0028036,0.4047
INS_0032382,0.0002
INS_0033200,0.1491
INS_0026206,0.2687
INS_0026370,0.8191
INS_0031612,0.0451
INS_0028541,0.369
INS_0026309,0.484
INS_0029153,0.3242
INS_0026863,0.1876
INS_0028688,0.1227
INS_0028886,0.5305
INS_0030132,0.295
INS_0032594,0.3418
INS_0026401,0.2194
INS_0028566,0.207
INS_0031488,0.2412
INS_0028971,0.0001
INS_0029722,0.5162
INS_0028447,0.2369
INS_0032922,1.9008
INS_0032112,1.2977
INS_0030892,0.0988
INS_0030996,0.0535
INS_0030162,0.0496
INS_0027480,0.2758
INS_0028100,0.0882
INS_0028039,0.0449
INS_0026553,0.2379
INS_0030189,0.7095
INS_0030454,0.089
INS_0028558,1.0479
INS_0031109,1.3856
INS_0032186,0.4216
INS_0032376,0.0635
INS_0028334,0.0155
INS_0033040,0.255
INS_0033191,0.0001
INS_0033508,0.3086
INS_0026871,1.7514
INS_0031254,0.0002
INS_0029682,0.0533
INS_0033026,0.322
INS_0026409,0.1967
INS_0032631,0.087
INS_0032088,0.0553
INS_0027165,0.0229
INS_0033366,0.1223
INS_0026532,1.0381
INS_0031840,0.1162
INS_0026704,2.4748
INS_0029120,0.4983
INS_0032302,0.0637
INS_0030871,0.196
INS_0030045,0.0349
INS_0032481,0.1043
INS_0027860,0.1995
INS_0031590,0.3659
INS_0030901,0.4538
INS_0026517,0.0003
INS_0026649,0.0004
INS_0026648,0.43
INS_0027425,0.0346
INS_0033386,0.049
INS_0032690,0.5604
INS_0029849,0.813
INS_0028649,0.09
INS_0029940,0.131
INS_0030309,0.9033
INS_0026908,0.3322
INS_0027069,0.0696
INS_0030668,0.0455
INS_0032045,0.2029
INS_0030067,0.3222
INS_0032414,0.1956
INS_0030961,0.2119
INS_0026448,0.0002
INS_0031559,2.6961
INS_0033037,0.0001
INS_0032787,0.4113
INS_0026687,0.1454
INS_0027217,0.3357
INS_0028775,0.2807
INS_0029641,0.1314
INS_0027791,0.1164
INS_0032650,0.342
INS_0028152,0.0347
INS_0028264,0.1073
INS_0028829,0.6384
INS_0026944,1.2699
INS_0029768,0.0874
INS_0031130,0.1388
INS_0032122,0.8114
INS_0030774,0.4757
INS_0031817,0.2089
INS_0027884,0.2244
INS_0029457,0.2811
INS_0026334,0.0004
INS_0033376,0.4826
INS_0028626,0.2942
INS_0032691,0.599
INS_0027975,0.2738
INS_0030937,0.8882
INS_0027807,0.1244
INS_0026732,0.0327
INS_0032362,0.1391
INS_0032115,0.1493
INS_0031134,0.235
INS_0028984,0.8994
INS_0027273,0.0614
INS_0027974,0.1671
INS_0030988,0.1787
INS_0030993,0.0809
INS_0027555,0.1357
INS_0030698,0.0886
INS_0026261,0.3019
INS_0027114,0.0273
INS_0029907,0.3968
INS_0032063,0.0855
INS_0028054,0.0002
INS_0031397,0.5474
INS_0031554,0.0002
INS_0032123,0.024
INS_0030152,0.2853
INS_0033101,0.1449
INS_0032678,0.3294
INS_0031955,1.698
INS_0027429,0.1114
INS_0030782,0.0502
INS_0032108,0.2307
INS_0028945,0.012
INS_0028045,0.0243
INS_0029520,0.3214
INS_0030307,0.1244
INS_0031222,0.1039
INS_0033233,0.1143
INS_0032801,0.1755
INS_0029851,0.1361
INS_0030695,0.1224
INS_0029996,0.7339
INS_0028324,0.0423
INS_0030494,0.1113
INS_0026645,1.1184
INS_0031740,0.2724
INS_0029674,0.0935
INS_0026537,0.0003
INS_0026952,0.0881
INS_0032116,0.0971
INS_0029486,0.0003
INS_0028484,0.1505
INS_0027700,0.062
INS_0029048,0.1556
INS_0028093,0.2416
INS_0027776,0.4648
INS_0032732,0.0508
INS_0031730,0.0002
INS_0027730,0.5424
INS_0029831,0.3289
INS_0031234,0.2453
INS_0028540,0.1226
INS_0027032,0.2844
INS_0028658,0.3468
INS_0033647,0.4352
INS_0027487,0.328
INS_0032439,0.4372
INS_0031708,0.294
INS_0027995,0.535
INS_0029111,0.5022
INS_0033427,0.886
INS_0030018,0.8136
INS_0031242,0.3975
INS_0033594,0.372
INS_0030340,0.0006
INS_0030897,0.1818
INS_0030368,0.7629
INS_0028946,0.028
INS_0031841,0.0436
INS_0028623,0.2241
INS_0031494,0.31
INS_0032780,0.0547
INS_0028778,0.1308
INS_0030040,0.3449
INS_0028725,0.4202
INS_0031417,0.3966
INS_0032562,0.0983
INS_0029462,0.0434
INS_0033014,0.1419
INS_0026795,0.8924
INS_0026906,0.4145
INS_0030805,0.1008
INS_0030369,0.1278
INS_0032749,0.5822
INS_0029627,0.4679
INS_0029752,0.6359
INS_0028441,0.0856
INS_0028383,0.2795
INS_0029891,0.1203
INS_0026585,0.0002
INS_0029517,0.0003
INS_0027989,0.1134
INS_0033571,0.0001
INS_0028487,0.1208
INS_0031627,0.1703
INS_0030364,1.2334
INS_0029639,0.1944
INS_0027627,0.2269
INS_0031762,0.0888
INS_0032144,0.0476
INS_0033392,0.1845
INS_0031433,0.1232
INS_0028801,0.0756
INS_0030722,0.0972
INS_0026916,0.2045
INS_0030344,0.5142
INS_0029195,0.2037
INS_0032146,0.2162
INS_0032225,0.1118
INS_0031316,0.8417
INS_0033630,0.6158
INS_0028134,1.1659
INS_0032486,0.6677
INS_0029163,0.0222
INS_0033544,0.0662
INS_0027544,0.1379
INS_0028923,1.0505
INS_0033182,0.1723
INS_0028353,0.7226
INS_0030547,0.3571
INS_0028103,0.1717
INS_0030739,0.2903
INS_0026386,0.1281
INS_0027144,0.6061
INS_0028370,0.1095
INS_0028624,0.052
INS_0032432,0.0801
INS_0029568,0.2942
INS_0032014,0.5598
INS_0031961,0.7827
INS_0030482,0.1499
INS_0026960,0.0662
INS_0026281,0.07
INS_0032296,0.1216
INS_0027641,0.9313
INS_0027468,0.1569
INS_0028109,0.0381
INS_0028652,0.643
INS_0032265,0.0366
INS_0028131,0.1112
INS_0032609,0.1761
INS_0031323,0.0956
INS_0031911,1.5384
INS_0029905,2.4224
INS_0029050,0.6407
INS_0030659,0.0002
INS_0029939,0.0003
INS_0033327,0.1121
INS_0026942,0.2774
INS_0032250,0.1045
INS_0033618,0.341
INS_0031737,0.9494
INS_0032435,0.0002
INS_0033074,0.2348
INS_0031012,0.1147
INS_0028352,0.3353
INS_0026103,0.0832
INS_0030237,0.2312
INS_0032453,0.4752
INS_0030397,0.3604
INS_0032457,0.1021
INS_0028315,0.153
INS_0029394,0.5022
INS_0032522,0.1106
INS_0033277,0.0516
INS_0033184,0.2353
INS_0029608,0.1274
INS_0026482,1.6882
INS_0030570,0.1021
INS_0031667,0.3532
INS_0026378,0.5188
INS_0026506,0.0001
INS_0027619,0.2621
INS_0029844,0.1661
INS_0029338,0.2077
INS_0026389,0.2011
INS_0026598,0.3277
INS_0027269,0.3053
INS_0030214,0.1169
INS_0030830,0.3796
INS_0028265,0.1792
INS_0026930,0.0003
INS_0033245,0.9658
INS_0031904,0.1074
INS_0029949,0.6955
INS_0028199,0.1055
INS_0032958,0.2901
INS_0030253,0.703
INS_0027560,0.0931
INS_0027239,0.864
INS_0027235,0.2462
INS_0030684,0.0745
INS_0032968,0.1321
INS_0032237,0.4652
INS_0033275,0.3183
INS_0027025,1.2992
INS_0026874,0.0004
INS_0028754,0.0003
INS_0032485,0.2831
INS_0027866,0.4503
INS_0027957,0.0746
INS_0027355,0.4877
INS_0029165,0.1975
INS_0029741,0.1171
INS_0032037,0.6157
INS_0033453,0.059
INS_0029352,0.0265
INS_0031670,0.6023
INS_0026915,0.7314
INS_0028815,0.6734
INS_0028434,0.8302
INS_0031382,0.0002
INS_0032503,0.2343
INS_0031314,1.0097
INS_0033572,0.1919
INS_0033514,0.0411
INS_0029693,0.1844
INS_0032983,0.0599
INS_0032506,0.8823
INS_0028422,0.032
INS_0028627,0.6872
INS_0026814,0.7003
INS_0031386,0.0003
INS_0028360,0.0594
INS_0029865,0.3586
INS_0027754,0.3097
INS_0030116,0.2136
INS_0028582,0.608
INS_0031937,0.1066
INS_0029452,0.0001
INS_0028282,0.1333
INS_0027407,1.1979
INS_0030827,0.2252
INS_0029522,0.2107
INS_0029490,0.4443
INS_0031725,0.1995
INS_0027681,1.4168
INS_0033054,1.1274
INS_0031169,0.1347
INS_0028646,0.869
INS_0028355,0.1905
INS_0029961,1.2577
INS_0026331,1.3868
INS_0030330,0.2814
INS_0031650,0.1464
INS_0029188,0.2135
INS_0027488,0.1995
INS_0030222,0.4516
INS_0028716,0.3407
INS_0026593,0.0954
INS_0026841,0.7414
INS_0032467,0.0711
INS_0028929,0.1122
INS_0032670,0.0002
INS_0028241,1.0297
INS_0030457,0.4066
INS_0030919,0.0647
INS_0032897,0.2146
INS_0030629,0.1442
INS_0028865,0.0957
INS_0028681,0.4436
INS_0031902,0.164
INS_0030798,0.1559
INS_0028578,0.3151
INS_0031147,0.4808
INS_0030651,0.1204
INS_0031874,0.0331
INS_0030751,0.5436
INS_0030794,0.3166
INS_0032842,0.3642
INS_0029645,0.25
INS_0027195,0.1761
INS_0031457,0.4479
INS_0030835,0.1462
INS_0027221,0.2932
INS_0027841,0.1483
INS_0030810,0.0271
INS_0029429,0.1619
INS_0031470,0.543
INS_0028941,0.0445
INS_0030735,0.267
INS_0026538,0.4225
INS_0026475,0.4422
INS_0027027,0.1378
INS_0033341,0.1523
INS_0031977,0.224
INS_0026727,0.4016
INS_0032032,0.1168
INS_0030021,0.1076
INS_0032726,0.8444
INS_0028811,0.1702
INS_0028304,0.2369
INS_0032532,0.0698
INS_0030787,0.7636
INS_0030746,0.0512
INS_0027654,1.721
INS_0032913,0.7715
INS_0031307,0.207
INS_0031893,0.2088
INS_0027317,1.1892
INS_0030776,0.3197
INS_0028237,0.951
INS_0029659,0.159
INS_0027473,0.0631
INS_0028550,0.2457
INS_0030633,0.574
INS_0026440,0.671
INS_0030351,0.1908
INS_0033178,0.1376
INS_0029348,0.1316
INS_0026796,1.0983
INS_0032198,0.5002
INS_0032018,0.7015
INS_0027363,0.2687
INS_0028918,0.0761
INS_0033478,0.1339
INS_0032150,0.1136
INS_0029378,0.1793
INS_0027661,0.0854
INS_0033430,0.2706
INS_0033568,0.3956
INS_0027981,0.6643
INS_0029698,0.0716
INS_0033429,0.1399
INS_0028615,0.2276
INS_0026668,0.3338
INS_0027962,0.4435
INS_0030440,0.384
INS_0033246,0.652
INS_0027924,0.1257
INS_0027942,0.0002
INS_0031410,0.1169
INS_0030057,0.4422
INS_0031409,0.1156
INS_0029656,0.0803
INS_0031301,0.3309
INS_0031522,0.0705
INS_0028732,1.9492
INS_0032808,0.6206
INS_0027603,0.2915
INS_0032313,0.1664
INS_0026385,0.0004
INS_0027347,0.1164
INS_0026893,0.0007
INS_0026690,0.2001
INS_0029114,0.521
INS_0032484,0.1498
INS_0026702,0.3945
INS_0031172,0.218
INS_0028717,0.6665
INS_0032525,0.4865
INS_0026574,2.9787
INS_0029317,0.1442
INS_0032412,0.2448
INS_0031882,0.8081
INS_0026923,0.0006
INS_0032129,0.2218
INS_0033515,0.1392
INS_0027923,0.368
INS_0030566,0.3511
INS_0029832,0.6465
INS_0032663,0.1143
INS_0030745,0.384
INS_0029309,0.5758
INS_0027313,0.4954
INS_0027636,0.1528
INS_0027644,0.1512
INS_0030603,0.0932
INS_0029578,0.1003
INS_0033394,0.4058
INS_0032591,0.1029
INS_0031985,0.0596
INS_0032234,0.1142
INS_0029145,0.2459
INS_0027462,1.2873
INS_0027153,0.0297
INS_0030497,0.0003
INS_0028606,1.1645
INS_0028508,0.6668
INS_0030866,0.0006
INS_0027573,0.0776
INS_0032520,0.1332
INS_0033234,0.0285
INS_0028927,0.6697
INS_0031582,0.71
INS_0026325,0.0002
INS_0030631,0.1478
INS_0030723,0.4434
INS_0030256,0.6916
INS_0031618,0.2091
INS_0032325,0.0922
INS_0028450,0.0782
INS_0026397,0.0003
INS_0030425,0.0244
INS_0032345,0.0747
INS_0028959,0.5798
INS_0027760,0.0914
INS_0032984,0.1438
INS_0029144,0.0001
INS_0033106,0.2254
INS_0029444,0.0002
INS_0032648,0.0003
INS_0028823,0.2946
INS_0032349,0.2352
INS_0028896,0.0003
INS_0029060,0.1578
INS_0027444,0.4586
INS_0033461,0.2546
INS_0029740,0.3794
INS_0033431,0.116
INS_0026655,0.1882
INS_0030023,0.0002
INS_0031557,0.1007
INS_0029736,0.24
INS_0030953,1.1048
INS_0027490,0.9568
INS_0028853,0.0059
INS_0032619,0.1147
INS_0026528,0.2191
INS_0029811,0.0005
INS_0028581,0.4088
INS_0031959,0.1045
INS_0027653,0.4521
INS_0033559,0.6396
INS_0028859,0.1534
INS_0027838,0.1485
INS_0029743,1.2691
INS_0028016,0.07
INS_0033287,0.7001
INS_0031055,0.1001
INS_0029182,0.0005
INS_0029291,0.2484
INS_0028475,0.0212
INS_0031220,0.1133
INS_0030647,0.0817
INS_0030874,0.1524
INS_0029300,0.2864
INS_0026828,0.5843
INS_0027331,0.1426
INS_0028067,0.3814
INS_0029521,0.1875
INS_0027050,0.0963
INS_0032828,1.3875
INS_0031905,1.3315
INS_0027362,0.3165
INS_0032241,0.0002
INS_0030636,0.1485
INS_0031428,0.4625
INS_0032921,0.0343
INS_0032249,0.0817
INS_0031122,0.1193
INS_0027135,0.4395
INS_0028961,0.2403
INS_0033592,0.0446
INS_0032197,0.2388
INS_0028310,0.2575
INS_0029619,0.1992
INS_0028417,0.081
INS_0031588,0.7888
INS_0028150,0.5367
INS_0028339,0.4382
INS_0026607,0.2097
INS_0026278,0.0008
INS_0027035,0.7029
INS_0026979,0.9943
INS_0028713,0.1312
INS_0030802,0.1144
INS_0028260,0.2434
INS_0028973,0.3144
INS_0032073,0.8494
INS_0026813,0.354
INS_0031584,0.0274
INS_0031553,0.0839
INS_0031210,0.1394
INS_0031519,0.379
INS_0028168,0.1282
INS_0032174,0.1362
INS_0031946,0.1707
INS_0029155,0.1002
INS_0028532,0.0388
INS_0033134,0.2284
INS_0027744,0.0221
INS_0032688,0.1935
INS_0031605,0.5124
INS_0026615,1.0025
INS_0026760,0.5059
INS_0030153,0.0001
INS_0028597,0.953
INS_0026809,0.1613
INS_0031965,0.0517
INS_0026106,0.7508
INS_0029987,0.1683
INS_0030711,0.1111
INS_0028988,0.7519
INS_0030487,0.6059
INS_0026305,0.3092
INS_0033399,0.7134
INS_0026856,0.7705
INS_0032093,0.3478
INS_0032089,0.1271
INS_0032308,0.0703
INS_0032784,0.2132
INS_0032991,0.0436
INS_0026718,0.3158
INS_0028705,0.2027
INS_0030257,0.0001
INS_0027857,0.0881
INS_0027657,0.0004
INS_0032179,0.1706
INS_0033367,0.322
INS_0031481,0.2162
INS_0027623,0.0684
INS_0032938,0.0399
INS_0026784,0.0002
INS_0029696,0.0633
INS_0028308,0.1881
INS_0031505,0.0816
INS_0027621,0.1125
INS_0030019,0.0606
INS_0029445,0.4963
INS_0030857,0.0615
INS_0032721,0.5473
INS_0031057,0.886
INS_0029665,0.0562
INS_0026535,3.0104
INS_0030114,0.2815
INS_0032711,0.3231
INS_0026340,0.854
INS_0032544,0.0689
INS_0027998,0.5021
INS_0027902,0.072
INS_0027701,0.494
INS_0027198,0.0718
INS_0028120,0.0971
INS_0029744,0.1026
INS_0029065,0.3241
INS_0028251,0.1651
INS_0029055,0.4706
INS_0028050,0.1682
INS_0033682,0.0329
INS_0031749,0.1378
INS_0029921,0.12
INS_0033546,0.0001
INS_0029084,0.1072
INS_0026694,0.0002
INS_0029232,0.0693
INS_0026421,0.0001
INS_0028499,0.5282
INS_0027872,0.1765
INS_0027395,0.1148
INS_0026884,0.1057
INS_0027056,0.1342
INS_0026887,0.063
INS_0031968,0.1515
INS_0028033,0.3558
INS_0027731,0.1019
INS_0030096,0.1315
INS_0031802,0.082
INS_0033417,0.9807
INS_0027124,0.3356
INS_0029895,0.6013
INS_0030035,0.5055
INS_0027434,0.1064
INS_0033337,0.0897
INS_0033673,0.1533
INS_0031136,0.176
INS_0030185,0.3146
INS_0029210,0.0878
INS_0027402,0.8723
INS_0030572,0.1782
INS_0032260,0.3452
INS_0028364,0.1904
INS_0033044,0.0001
INS_0026396,0.0426
INS_0026314,0.0004
INS_0033117,0.4273
INS_0027401,0.3283
INS_0029086,1.2703
INS_0028700,0.2524
INS_0026653,0.7621
INS_0028323,0.2151
INS_0032840,0.0023
INS_0030097,1.1127
INS_0029948,0.2366
INS_0030154,0.4363
INS_0031041,0.746
INS_0026811,0.208
INS_0030542,0.0003
INS_0026806,0.2685
INS_0026671,0.4727
INS_0026802,0.0919
INS_0026924,0.2997
INS_0033278,0.1433
INS_0031056,0.2784
INS_0032580,0.1054
INS_0026450,0.9828
INS_0032692,0.8054
INS_0033349,0.1158
INS_0033669,0.1003
INS_0030308,0.1147
INS_0026958,1.2914
INS_0032027,0.4938
INS_0027967,0.3738
INS_0031672,0.1836
INS_0031406,0.2048
INS_0032860,0.2339
INS_0027677,0.0354
INS_0026724,0.2196
INS_0028063,0.764
INS_0026725,0.0002
INS_0026899,0.4779
INS_0027800,0.606
INS_0026524,0.8343
INS_0027724,0.2789
INS_0028569,0.0911
INS_0026181,0.1277
INS_0030093,0.0763
INS_0032307,0.3054
INS_0028821,0.1598
INS_0031795,0.0544
INS_0026271,0.9045
INS_0028187,0.3409
INS_0027537,1.4244
INS_0033466,0.0591
INS_0030213,0.3458
INS_0027152,0.4614
INS_0031910,0.204
INS_0030430,0.0837
INS_0033129,0.0612
INS_0027003,2.0049
INS_0032170,0.9528
INS_0029450,0.1747
INS_0030130,0.2795
INS_0026714,0.0009
INS_0033664,0.1214
INS_0026360,0.7422
INS_0032998,0.405
INS_0032549,0.0414
INS_0027242,0.0579
INS_0028254,0.316
INS_0030291,0.1935
INS_0030346,0.277
INS_0028462,0.2857
INS_0028064,1.3303
INS_0030312,0.1622
INS_0027324,0.1185
INS_0030700,0.7481
INS_0026272,0.1979
INS_0031372,0.4798
INS_0028976,0.5009
INS_0031516,0.1669
INS_0029467,0.5361
INS_0032166,0.0424
INS_0028741,0.4192
INS_0031194,1.1013
INS_0032684,1.533
INS_0031719,0.1138
INS_0032572,0.1998
INS_0027515,0.1195
INS_0031826,0.0749
INS_0030349,0.3331
INS_0032783,0.2246
INS_0029990,0.0002
INS_0027130,1.4384
INS_0032100,0.0671
INS_0029319,0.4056
INS_0026605,0.2564
INS_0026941,0.9194
INS_0030121,0.0578
INS_0027382,0.3009
INS_0027036,0.7354
INS_0030245,0.1516
INS_0033638,0.3403
INS_0031058,0.1535
INS_0031035,0.6906
INS_0026752,0.108
INS_0032831,0.3393
INS_0029422,0.3456
INS_0028714,0.0574
INS_0032330,0.0001
INS_0029594,0.9736
INS_0026560,0.2588
INS_0026486,0.7148
INS_0032161,0.5765
INS_0027878,0.1176
INS_0033484,0.1926
INS_0027905,0.4926
INS_0032118,0.2253
INS_0029209,0.0339
INS_0033400,0.1167
INS_0028580,0.9015
INS_0027925,0.3887
INS_0030445,0.1984
INS_0032646,0.0253
INS_0029181,0.3484
INS_0033266,0.5278
INS_0031869,0.2137
INS_0030028,0.06
INS_0029116,0.2241
INS_0033111,0.5006
INS_0032274,0.5965
INS_0027692,0.1415
INS_0026355,1.1146
INS_0029970,0.0863
INS_0030273,0.3017
INS_0032206,0.2075
INS_0027247,0.1342
INS_0026436,0.3881
INS_0028175,0.0892
INS_0030642,0.4859
INS_0031587,0.5519
INS_0030044,1.0801
INS_0027572,0.4523
INS_0030071,0.0003
INS_0026758,0.0487
INS_0027232,0.4269
INS_0026350,0.1503
INS_0026964,1.0377
INS_0029192,0.1289
INS_0033606,0.1594
INS_0030022,0.2192
INS_0031816,0.0474
INS_0030721,0.1395
INS_0027689,0.312
INS_0033446,0.0003
INS_0031568,0.1125
INS_0029928,0.178
INS_0031070,0.1667
INS_0027840,0.0002
INS_0032593,0.0778
INS_0033573,0.1475
INS_0030903,0.0607
INS_0033227,0.2549
INS_0033063,0.1475
INS_0031240,0.0003
INS_0031014,0.2577
INS_0030967,0.0456
INS_0028105,0.2584
INS_0028051,0.3001
INS_0032603,0.1236
INS_0032890,0.0002
INS_0031613,0.7516
INS_0031362,0.2045
INS_0027077,0.0183
INS_0026467,0.3834
INS_0028255,0.1091
INS_0032811,0.0738
INS_0028513,0.0001
INS_0029694,0.2008
INS_0028707,0.5875
INS_0031611,0.2544
INS_0026676,0.0002
INS_0029375,0.1045
INS_0026514,0.0886
INS_0031572,0.4835
INS_0027299,0.1282
INS_0027206,0.132
INS_0033614,0.1916
INS_0027858,0.5304
INS_0033579,0.1187
INS_0030641,0.0729
INS_0029952,0.1371
INS_0029170,0.8696
INS_0029519,0.075
INS_0029058,0.112
INS_0030059,0.1798
INS_0032850,0.2252
INS_0032104,0.5211
INS_0030448,0.339
INS_0030016,1.0056
INS_0028564,0.0668
INS_0029489,0.2886
INS_0033052,0.1203
INS_0027297,0.1304
INS_0027782,0.9704
INS_0026682,0.0003
INS_0027339,0.4845
INS_0029562,0.1947
INS_0028253,0.1246
INS_0033332,0.9584
INS_0028568,0.8668
INS_0028119,0.2052
INS_0027140,0.4868
INS_0028445,0.2602
INS_0032004,1.492
INS_0033495,0.1655
INS_0031256,0.588
INS_0029014,0.2447
INS_0027836,0.4683
INS_0027388,0.6708
INS_0029823,0.0819
INS_0033439,0.1642
INS_0028848,0.0898
INS_0027357,0.6695
INS_0027965,0.1233
INS_0030327,0.1342
INS_0032873,0.1255
INS_0033286,0.6866
INS_0029007,0.1302
INS_0033620,0.3238
INS_0029004,0.0001
INS_0029511,0.0985
INS_0032614,0.0399
INS_0030842,0.7658
INS_0026957,0.1648
INS_0030638,0.191
INS_0029898,0.1327
INS_0029780,0.1917
INS_0026573,0.2649
INS_0031865,0.171
INS_0028575,0.0493
INS_0029399,0.3619
INS_0030024,0.1988
INS_0032799,0.0964
INS_0028362,0.0698
INS_0030170,0.3491
INS_0033016,0.2386
INS_0029547,0.0001
INS_0028022,0.0002
INS_0030682,0.0575
INS_0031788,0.7021
INS_0031141,0.7044
INS_0029325,0.655
INS_0031137,0.145
INS_0027831,0.3267
INS_0031939,0.5093
INS_0033125,0.0717
INS_0026130,0.6835
INS_0030780,0.2427
INS_0029087,0.191
INS_0027586,1.3043
INS_0029796,0.0709
INS_0030157,0.0002
INS_0029874,0.2695
INS_0028979,0.349
INS_0029407,0.2879
INS_0032173,0.0001
INS_0030003,0.381
INS_0029481,0.0567
INS_0033423,0.2643
INS_0031784,0.0941
INS_0030246,0.2752
INS_0030708,0.8359
INS_0030224,0.0663
INS_0027659,0.221
INS_0030917,0.071
INS_0029924,0.2359
INS_0026384,0.2017
INS_0028585,0.2492
INS_0033628,0.3917
INS_0027486,0.2205
INS_0031080,0.2275
INS_0027319,0.4901
INS_0031544,0.5579
INS_0028212,0.2734
INS_0030918,0.046
INS_0030762,0.0789
INS_0031630,0.048
INS_0026756,0.0799
INS_0028915,0.3714
INS_0030923,0.0878
INS_0028021,0.1147
INS_0032282,0.0407
INS_0030911,0.0002
INS_0031548,0.8865
INS_0030092,2.0883
INS_0030699,0.1452
INS_0028007,0.1571
INS_0032550,0.3688
INS_0031303,0.1474
INS_0026111,0.2414
INS_0032327,0.367
INS_0031954,0.1984
INS_0033306,0.6584
INS_0033411,0.3403
INS_0031305,1.6246
INS_0032109,1.1984
INS_0026299,0.6726
INS_0031289,0.1716
INS_0026489,0.1854
INS_0030236,0.3222
INS_0029916,0.3981
INS_0029575,0.4036
INS_0031139,0.2263
INS_0032326,0.0002
INS_0028636,1.3255
INS_0027882,0.2594
INS_0031497,0.022
INS_0030072,0.1978
INS_0027094,0.1501
INS_0027175,0.4125
INS_0029124,0.0777
INS_0027143,0.1484
INS_0030640,0.1407
INS_0027929,0.7382
INS_0028818,0.603
INS_0030544,0.2674
INS_0029886,0.7797
INS_0027246,0.2472
INS_0027574,0.0175
INS_0028001,1.365
INS_0027181,0.2639
INS_0032306,0.055
INS_0032708,0.2123
INS_0030319,1.1009
INS_0026352,0.1064
INS_0033061,0.9501
INS_0031332,0.0987
INS_0032458,0.8501
INS_0027501,0.0934
INS_0026833,0.3489
INS_0030084,0.1557
INS_0030453,0.2973
INS_0033193,0.0002
INS_0031117,0.1782
INS_0026644,0.2551
INS_0033599,0.0002
INS_0033156,0.3187
INS_0032001,0.1842
INS_0030338,0.6079
INS_0027454,0.3097
INS_0032231,0.5054
INS_0031899,0.1759
INS_0029890,0.2416
INS_0028547,0.0251
INS_0031440,0.3485
INS_0031819,0.0933
INS_0027646,0.1517
INS_0028613,0.3006
INS_0030860,0.5213
INS_0032271,0.0548
INS_0026872,0.168
INS_0029200,0.8096
INS_0028722,0.3869
INS_0027292,0.0951
INS_0027725,0.163
INS_0033197,0.1946
INS_0029171,0.1423
INS_0032086,0.1792
INS_0026338,0.0003
INS_0029507,1.2457
INS_0026765,0.0817
INS_0030655,0.0772
INS_0027082,0.6561
INS_0032148,0.2524
INS_0029303,1.3237
INS_0029795,0.0856
INS_0027446,1.2233
INS_0031523,0.4835
INS_0026141,0.0002
INS_0031439,0.0895
INS_0033640,0.0977
INS_0029922,1.3263
INS_0030407,0.7171
INS_0028161,0.1621
INS_0028791,0.1453
INS_0032996,0.2801
INS_0032539,0.5083
INS_0030599,0.0608
INS_0029351,0.1794
INS_0030740,0.3737
INS_0031693,0.1631
INS_0030379,0.1712
INS_0031591,0.0884
INS_0028097,0.6011
INS_0027071,0.1092
INS_0030843,0.5589
INS_0026247,0.0003
INS_0029834,0.0878
INS_0028461,0.0265
INS_0026888,0.2731
INS_0028256,0.1901
INS_0033023,0.1919
INS_0028171,0.1492
INS_0033408,0.1851
INS_0031711,0.1506
INS_0031722,1.8451
INS_0030180,0.0115
INS_0033613,0.0998
INS_0032167,0.0714
INS_0031085,0.0535
INS_0033393,0.4297
INS_0030007,0.0005
INS_0031290,0.1341
INS_0030483,0.759
INS_0028213,0.7854
INS_0030262,0.2334
INS_0031479,0.5707
INS_0026363,0.097
INS_0033057,0.3216
INS_0029139,2.0588
INS_0030868,0.0564
INS_0027061,0.291
INS_0028661,0.015
INS_0030537,0.1203
INS_0033273,0.2407
INS_0029248,0.6608
INS_0031824,0.048
INS_0032126,0.1664
INS_0030191,0.2008
INS_0028206,0.0659
INS_0032604,0.0464
INS_0027012,0.7173
INS_0031354,0.0618
INS_0029311,0.5538
INS_0032253,0.2
INS_0032865,0.6367
INS_0027801,0.7735
INS_0032268,0.0407
INS_0033097,0.74
INS_0027793,0.595
INS_0032471,0.5069
INS_0032098,2.1902
INS_0031086,0.2976
INS_0032788,0.6275
INS_0033678,0.1829
INS_0033609,0.1859
INS_0026877,0.1738
INS_0028320,0.0815
INS_0032168,0.7116
INS_0026737,0.5136
INS_0028421,0.1787
INS_0028641,0.3993
INS_0027214,0.1098
INS_0029677,0.0002
INS_0030681,1.2051
INS_0032487,0.4557
INS_0026204,0.0418
INS_0029862,0.1981
INS_0028440,0.1248
INS_0028668,0.8071
INS_0027683,0.2124
INS_0032314,0.0229
INS_0033558,0.1254
INS_0030623,0.0002
INS_0027943,0.1666
INS_0031489,0.1163
INS_0030956,0.3976
INS_0032923,0.5314
INS_0033432,1.268
INS_0031315,0.1762
INS_0029525,1.1683
INS_0027983,0.1223
INS_0028940,1.2271
INS_0028294,0.033
INS_0031794,0.0986
INS_0027937,0.0745
INS_0026680,0.3513
INS_0027839,0.087
INS_0027154,1.3528
INS_0026626,0.2989
INS_0029433,0.2868
INS_0027065,0.5258
INS_0032738,0.1418
INS_0031261,0.2822
INS_0032445,0.3541
INS_0029550,0.0587
INS_0029255,0.4443
INS_0029213,0.1164
INS_0030054,0.1906
INS_0028242,0.0483
INS_0031561,0.1445
INS_0033575,0.1564
INS_0027350,0.3759
INS_0030206,0.1136
INS_0031552,0.2126
INS_0030393,0.1628
INS_0026406,0.0998
INS_0027582,0.8056
INS_0032956,0.0702
INS_0027240,0.1087
INS_0029267,0.0002
INS_0031274,0.3579
INS_0032219,0.7687
INS_0031453,0.5926
INS_0030012,0.1954
INS_0033475,0.0822
INS_0031674,0.7746
INS_0032531,0.0001
INS_0029654,0.0554
INS_0032615,0.0595
INS_0032576,0.041
INS_0032162,0.2906
INS_0027233,1.4143
INS_0031769,0.3046
INS_0030036,0.4611
INS_0029953,0.386
INS_0030960,0.3225
INS_0027291,0.0761
INS_0028248,0.1178
INS_0029137,0.2001
INS_0029299,0.9545
INS_0030360,0.163
INS_0031615,0.2803
INS_0029365,0.2427
INS_0031717,0.4241
INS_0029148,0.0001
INS_0033570,0.2197
INS_0028972,0.0884
INS_0026156,0.9673
INS_0030766,0.1102
INS_0033633,0.053
INS_0030783,0.0829
INS_0031098,0.1185
INS_0028216,0.3218
INS_0033482,0.0002
INS_0028633,0.7476
INS_0032430,0.1471
INS_0030267,0.225
INS_0032979,0.1407
INS_0028991,1.3435
INS_0028651,0.1605
INS_0033290,0.4505
INS_0033174,0.0162
INS_0028888,0.4978
INS_0032841,0.1416
INS_0032232,0.0844
INS_0030656,0.2908
INS_0028851,1.4474
INS_0031646,1.2927
INS_0028246,0.2741
INS_0029199,0.2414
INS_0026652,0.3175
INS_0033489,0.0735
INS_0029097,0.5784
INS_0029852,0.0003
INS_0032513,0.1519
INS_0028860,0.028
INS_0026629,0.0002
INS_0030095,0.0676
INS_0029933,0.0607
INS_0032654,0.2853
INS_0028552,0.262
INS_0027874,0.3466
INS_0028154,0.0473
INS_0032766,1.1674
INS_0027721,0.0912
INS_0029018,0.2584
INS_0030078,0.2693
INS_0028006,0.0609
INS_0029806,0.6481
INS_0027900,0.1253
INS_0029244,0.7845
INS_0027513,0.0938
INS_0029580,0.2639
INS_0027262,0.0289
INS_0027581,0.9706
INS_0033247,0.0181
INS_0033667,0.416
INS_0028018,0.5455
INS_0026572,0.1039
INS_0028842,0.0892
INS_0029942,0.3511
INS_0032433,0.3209
INS_0031025,0.0594
INS_0032021,0.3829
INS_0030578,0.701
INS_0026308,0.4711
INS_0033588,0.1211
INS_0031027,0.0459
INS_0031689,0.1126
INS_0026286,0.0938
INS_0027325,0.1767
INS_0028509,0.379
INS_0026905,0.3228
INS_0026750,0.0001
INS_0026254,0.9823
INS_0030398,0.2908
INS_0032946,0.0866
INS_0032081,0.387
INS_0030894,0.2999
INS_0030692,0.3091
INS_0029710,0.437
INS_0031812,0.0002
INS_0030039,0.4833
INS_0032472,0.1184
INS_0033390,0.0002
INS_0031473,0.328
INS_0030354,0.159
INS_0029606,0.0371
INS_0026789,0.1857
INS_0032106,0.4594
INS_0028478,0.1398
INS_0026191,0.0003
INS_0030462,0.0548
INS_0029892,0.2318
INS_0032664,0.0267
INS_0030419,0.3453
INS_0029506,0.5092
INS_0031325,0.0546
INS_0027567,0.0545
INS_0026911,0.1144
INS_0033496,1.0061
INS_0032874,0.0004
INS_0028431,0.5019
INS_0031657,0.1881
INS_0026770,0.1499
INS_0031754,0.0425
INS_0029273,1.2019
INS_0032181,0.2309
INS_0031993,0.3871
INS_0031214,0.076
INS_0027564,0.7904
INS_0032821,0.4468
INS_0027244,1.3294
INS_0030488,0.8027
INS_0033649,1.4274
INS_0032203,0.2147
INS_0031370,0.1509
INS_0026582,0.1397
INS_0030173,0.0008
INS_0026734,0.0637
INS_0032214,0.4981
INS_0033561,0.1916
INS_0029598,0.5395
INS_0031838,0.0002
INS_0026112,0.8687
INS_0027881,0.2736
INS_0033070,0.0002
INS_0030055,0.7972
INS_0030749,0.1285
INS_0029816,0.0004
INS_0030268,0.1708
INS_0028768,0.1034
INS_0032555,0.1268
INS_0032695,0.3008
INS_0032371,0.2211
INS_0027715,1.5259
INS_0027963,1.1913
INS_0032774,0.2152
INS_0028497,0.1374
INS_0027176,1.1176
INS_0027177,0.1051
INS_0032731,0.1053
INS_0027322,1.4339
INS_0031916,0.2951
INS_0029038,0.1352
INS_0032042,0.0879
INS_0026118,0.6056
INS_0033276,0.2654
INS_0028363,0.0349
INS_0028875,0.1879
INS_0032988,0.4298
INS_0031200,0.5943
INS_0028680,0.1064
INS_0033406,0.0883
INS_0027691,0.0248
INS_0032505,0.3999
INS_0032216,0.3236
INS_0029713,1.0091
INS_0032429,0.4358
INS_0030709,0.3024
INS_0031246,0.848
INS_0029617,0.0878
INS_0030209,0.0678
INS_0031344,0.0325
INS_0028957,0.0001
INS_0029605,0.0003
INS_0033617,0.1354
INS_0029246,0.3824
INS_0029611,0.0623
INS_0029366,0.1029
INS_0026640,0.1065
INS_0028780,0.1035
INS_0031063,0.6639
INS_0032016,0.8337
INS_0029061,1.0837
INS_0030856,0.2
INS_0031565,0.247
INS_0028584,0.1597
INS_0026294,0.0001
INS_0032284,0.2171
INS_0032394,0.0482
INS_0031335,0.0897
INS_0029164,0.0732
INS_0030667,0.1612
INS_0029758,0.298
INS_0027953,0.2729
INS_0030703,0.7324
INS_0027712,1.3987
INS_0028864,0.0211
INS_0029808,0.3202
INS_0031068,0.0003
INS_0029569,0.089
INS_0031720,0.1279
INS_0029172,0.2395
INS_0030784,0.0707
INS_0029011,0.2211
INS_0032426,0.2402
INS_0026896,0.4139
INS_0029726,0.0002
INS_0031934,0.2233
INS_0033627,0.0209
INS_0026526,0.1194
INS_0028846,0.0819
INS_0027751,0.1309
INS_0031304,1.0863
INS_0030086,0.1071
INS_0032885,0.0004
INS_0029349,1.5716
INS_0030171,0.1745
INS_0031987,0.4702
INS_0030869,0.42
INS_0031780,0.5154
INS_0028003,0.1287
INS_0031393,0.0002
INS_0031054,0.273
INS_0026381,0.5738
INS_0030046,0.1242
INS_0029067,0.0005
INS_0027497,0.2022
INS_0031311,0.086
INS_0028975,0.214
INS_0029870,0.0002
INS_0026110,0.1193
INS_0030181,0.1533
INS_0032771,0.4656
INS_0029894,0.8646
INS_0033067,0.0957
INS_0033169,0.3458
INS_0029595,0.2268
INS_0028638,0.2495
INS_0026162,0.6867
INS_0028123,0.0776
INS_0029888,0.4526
INS_0026571,1.218
INS_0032903,0.2965
INS_0026885,0.5039
INS_0031102,0.2551
INS_0028092,0.0382
INS_0027763,0.1333
INS_0031510,0.0637
INS_0029370,0.8182
INS_0026276,0.2852
INS_0026705,0.6623
INS_0030341,0.1007
INS_0030725,0.223
INS_0027871,0.2269
INS_0027196,0.2343
INS_0029428,0.1514
INS_0030548,0.1931
INS_0032625,0.1234
INS_0032038,0.2201
INS_0028516,0.2137
INS_0030597,0.0531
INS_0026211,2.3791
INS_0032383,0.1502
INS_0029863,0.4176
INS_0030172,0.1416
INS_0026427,0.2433
INS_0032101,0.0442
INS_0028711,0.2797
INS_0030242,0.3497
INS_0026443,0.2688
INS_0028555,0.1998
INS_0030143,0.5201
INS_0031190,0.0888
INS_0032964,0.3781
INS_0032153,0.0005
INS_0031158,0.3868
INS_0033442,0.2309
INS_0028779,0.442
INS_0032778,0.2618
INS_0031508,0.1971
INS_0026431,1.2777
INS_0028843,0.7882
INS_0028041,0.7215
INS_0031942,0.0002
INS_0029817,0.187
INS_0028529,0.8102
INS_0027521,0.1506
INS_0029423,0.1323
INS_0028268,0.1563
INS_0030367,0.1347
INS_0026368,0.6145
INS_0026413,0.0001
INS_0033060,0.7194
INS_0029027,0.3702
INS_0028786,0.4377
INS_0029108,0.1324
INS_0029266,0.0849
INS_0032005,0.1056
INS_0029158,0.3905
INS_0026900,1.703
INS_0029626,0.1368
INS_0026530,0.1838
INS_0031886,0.7361
INS_0030099,0.3557
INS_0032022,0.1312
INS_0029441,0.0978
INS_0028731,0.2573
INS_0029720,0.2428
INS_0027559,0.4314
INS_0033270,0.7084
INS_0030450,0.0296
INS_0031434,0.2331
INS_0026959,0.3239
INS_0028427,0.4987
INS_0032818,0.0562
INS_0028194,0.247
INS_0028297,0.0803
INS_0033252,0.2745
INS_0029307,0.1592
INS_0026716,0.9885
INS_0027029,0.4555
INS_0028288,0.1217
INS_0029776,1.3721
INS_0033636,0.232
INS_0027795,0.5731
INS_0028911,1.3611
INS_0027494,0.9909
INS_0027735,0.0251
INS_0031192,0.9822
INS_0026232,0.6717
INS_0033491,0.5442
INS_0031858,0.3601
INS_0032058,0.2802
INS_0026990,0.8216
INS_0031684,0.3312
INS_0029355,0.0001
INS_0029621,0.9801
INS_0031639,0.2769
INS_0032460,1.2422
INS_0027270,0.263
INS_0027673,0.0828
INS_0028942,1.0224
INS_0031781,1.3242
INS_0027187,0.0217
INS_0028928,0.1513
INS_0026588,1.2144
INS_0031502,0.3084
INS_0033652,0.2729
INS_0029818,0.6073
INS_0028176,0.7695
INS_0027180,0.1521
INS_0032348,0.1075
INS_0031148,0.7777
INS_0029983,0.2014
INS_0031952,0.3394
INS_0032210,0.356
INS_0029751,0.5217
INS_0030526,0.0002
INS_0031600,0.2282
INS_0031385,0.03
INS_0032587,0.1385
INS_0032847,0.2531
INS_0027068,0.3099
INS_0029709,0.3408
INS_0029194,1.0071
INS_0029492,0.2219
INS_0033310,0.2679
INS_0029678,1.1994
INS_0033412,0.0002
INS_0030829,0.0505
INS_0028347,0.1322
INS_0028328,0.1918
INS_0032006,0.0002
INS_0033173,0.546
INS_0026543,0.0673
INS_0030831,0.2429
INS_0026805,0.7117
INS_0028797,0.2685
INS_0030778,1.5568
INS_0030068,0.4379
INS_0033379,0.2673
INS_0028099,0.9093
INS_0027877,0.1535
INS_0031774,0.0765
INS_0029541,0.3613
INS_0029076,0.2294
INS_0030761,0.6799
INS_0031195,0.042
INS_0032835,0.4612
INS_0027698,0.1606
INS_0030777,0.1541
INS_0029282,1.0232
INS_0030864,0.1811
INS_0027498,0.0606
INS_0030632,0.576
INS_0026824,0.1221
INS_0031047,0.5801
INS_0030320,0.1181
INS_0031520,0.1096
INS_0029435,0.064
INS_0029798,0.0989
INS_0026529,0.3987
INS_0030472,0.1036
INS_0029788,0.6785
INS_0031515,0.0274
INS_0031857,0.0001
INS_0027736,0.3062
INS_0031791,0.3999
INS_0027081,0.2193
INS_0032846,0.1744
INS_0027067,0.3145
INS_0031091,0.0001
INS_0031864,0.17
INS_0027021,0.001
INS_0026333,1.248
INS_0031527,0.1939
INS_0033555,0.2855
INS_0026283,0.0545
INS_0032346,0.0325
INS_0032543,0.0365
INS_0033616,0.0227
INS_0028089,0.2867
INS_0032837,0.1368
INS_0031374,0.0447
INS_0029185,0.3342
INS_0032422,0.0921
INS_0026388,0.4497
INS_0029037,0.4734
INS_0033451,0.069
INS_0029686,0.1082
INS_0032630,0.0001
INS_0033396,0.0626
INS_0031281,0.1084
INS_0026827,0.872
INS_0026977,0.222
INS_0030296,0.7451
INS_0033534,0.1494
INS_0026956,0.2489
INS_0029134,0.1357
INS_0028759,0.2043
INS_0032451,0.2216
INS_0031253,0.0751
INS_0030675,0.0828
INS_0032192,0.093
INS_0029228,0.4769
INS_0026771,0.4549
INS_0030997,0.0668
INS_0029995,0.5575
INS_0026357,0.1329
INS_0028958,0.1146
INS_0031019,0.0001
INS_0031941,0.0873
INS_0027158,0.1936
INS_0026733,0.4787
INS_0031828,0.5791
INS_0033371,0.089
INS_0030125,1.5859
INS_0029873,0.0567
INS_0030541,0.2953
INS_0032561,0.3269
INS_0026557,0.1417
INS_0027087,0.2075
INS_0032310,0.1769
INS_0031334,0.2349
INS_0033262,0.2588
INS_0026703,0.1422
INS_0032370,0.1177
INS_0026464,1.6788
INS_0027719,0.13
INS_0026270,0.3558
INS_0031918,0.0357
INS_0033217,0.2546
INS_0026832,0.6744
INS_0026817,0.0845
INS_0032361,0.5589
INS_0031013,0.3251
INS_0033340,0.0002
INS_0027747,0.143
INS_0028010,0.903
INS_0028165,0.5431
INS_0033587,0.0001
INS_0031138,0.565
INS_0033149,0.8992
INS_0026193,0.8588
INS_0030381,0.0909
INS_0027237,0.8944
INS_0027600,0.0327
INS_0027224,0.4892
INS_0027301,0.8862
INS_0026484,0.0002
INS_0030913,0.2122
INS_0030791,0.1947
INS_0032750,0.4429
INS_0027348,0.4564
INS_0032662,1.0695
INS_0028690,0.2094
INS_0029964,0.4733
INS_0031988,0.2048
INS_0030987,0.177
INS_0033003,0.2484
INS_0029847,0.1017
INS_0030834,0.3175
INS_0026624,0.049
INS_0032059,0.2594
INS_0030313,0.0687
INS_0026439,0.246
INS_0026617,0.0002
INS_0032494,0.4209
INS_0033549,0.6017
INS_0029553,0.1186
INS_0028027,0.2992
INS_0027305,0.4266
INS_0027660,0.3934
INS_0029403,0.1195
INS_0027826,0.0605
INS_0028659,0.5486
INS_0031891,0.0005
INS_0027822,0.3717
INS_0030002,0.7416
INS_0030648,1.4147
INS_0028849,0.032
INS_0028008,0.1164
INS_0030323,0.594
INS_0026139,0.634
INS_0033529,0.1719
INS_0031958,0.2214
INS_0029839,0.0768
INS_0032180,0.0572
INS_0028982,0.5899
INS_0032822,0.0918
INS_0031174,1.1044
INS_0029125,0.0687
INS_0032683,0.0609
INS_0028232,0.6078
INS_0030585,0.0003
INS_0029025,0.254
INS_0027779,0.4742
INS_0029346,0.4916
INS_0026875,0.2765
INS_0032655,0.4187
INS_0026565,0.7974
INS_0032710,0.3046
INS_0026458,1.2954
INS_0026914,0.0003
INS_0030582,0.0742
INS_0030208,0.4898
INS_0028863,0.3258
INS_0032773,0.1974
INS_0030505,0.2389
INS_0026304,0.2355
INS_0032600,0.0003
INS_0027615,0.1622
INS_0030590,0.0433
INS_0028919,0.5352
INS_0031929,0.5684
INS_0029152,0.392
INS_0032134,0.186
INS_0027276,0.0002
INS_0026395,0.2383
INS_0029384,0.5796
INS_0030104,0.0592
INS_0032290,0.3586
INS_0031560,0.1839
INS_0032262,0.1619
INS_0028178,0.2751
INS_0028047,0.1425
INS_0032187,0.0421
INS_0028593,0.9998
INS_0027845,0.1354
INS_0031530,0.3885
INS_0030017,0.8369
INS_0028952,0.2673
INS_0030793,0.2516
INS_0030806,0.1297
INS_0028088,0.554
INS_0030710,0.0819
INS_0030907,0.0632
INS_0027538,0.1171
INS_0030439,0.1162
INS_0030290,0.0948
INS_0028784,0.0907
INS_0028203,0.1315
INS_0030665,0.2673
INS_0033510,0.3029
INS_0033680,0.9552
INS_0026209,0.5228
INS_0026778,0.0601
INS_0031312,0.4458
INS_0027040,0.3909
INS_0031119,0.3613
INS_0028495,0.1802
INS_0033198,0.053
INS_0026753,0.7898
INS_0028480,0.8411
INS_0032971,0.5801
INS_0033274,0.1713
INS_0031073,0.8536
INS_0027185,0.579
INS_0028233,0.1705
INS_0033167,0.134
INS_0026229,0.4331
INS_0028184,0.371
INS_0026804,0.1079
INS_0028933,1.3682
INS_0027996,0.0316
INS_0029661,0.4783
INS_0033256,0.0003
INS_0031579,0.3172
INS_0030124,0.2234
INS_0032507,0.177
INS_0026635,0.5314
INS_0031179,0.2779
INS_0027931,0.425
INS_0032437,0.1928
INS_0032199,0.506
INS_0030219,0.0002
INS_0028285,0.1966
INS_0026847,0.0598
INS_0029524,0.1142
INS_0032617,0.0583
INS_0033505,0.0916
INS_0028990,0.1168
INS_0028344,0.621
INS_0027047,0.0002
INS_0028331,0.2303
INS_0032779,0.1208
INS_0028727,0.4621
INS_0032612,0.0624
INS_0027769,0.0875
INS_0029392,0.0006
INS_0030387,0.4988
INS_0026257,1.0816
INS_0032729,0.0002
INS_0029954,0.0939
INS_0027835,0.7265
INS_0030131,0.2584
INS_0032941,0.8648
INS_0032533,0.3122
INS_0026785,0.4307
INS_0032896,0.1138
INS_0026238,0.4592
INS_0026410,0.0002
INS_0027254,0.3581
INS_0030294,0.0459
INS_0031923,0.0548
INS_0031184,0.5615
INS_0027972,0.6788
INS_0028179,0.7451
INS_0026142,0.8197
INS_0031540,0.1003
INS_0028862,0.5778
INS_0030025,0.2491
INS_0026337,0.4025
INS_0029792,0.5982
INS_0032590,0.1991
INS_0030336,0.157
INS_0030872,0.0502
INS_0032261,0.8075
INS_0032377,1.1034
INS_0026550,0.2506
INS_0028770,0.0549
INS_0026263,0.1388
INS_0032003,0.0325
INS_0032641,0.1551
INS_0032084,0.2058
INS_0032566,0.0914
INS_0027966,0.0675
INS_0029902,0.4375
INS_0027685,0.2645
INS_0028026,0.0951
INS_0026681,1.9598
INS_0030064,0.51
INS_0027281,1.0773
INS_0029956,0.169
INS_0030833,0.2575
INS_0026343,0.5438
INS_0030332,0.2499
INS_0030138,0.2002
INS_0032159,0.176
INS_0030893,0.2724
INS_0032423,0.0754
INS_0028987,0.1591
INS_0027426,0.159
INS_0026122,0.1443
INS_0033681,0.2264
INS_0028436,0.0861
INS_0029943,0.1688
INS_0026539,0.0003
INS_0033259,0.2063
INS_0028777,0.16
INS_0028622,0.2525
INS_0031391,0.5052
INS_0029581,0.0635
INS_0030733,0.0425
INS_0029075,0.2704
INS_0026372,0.4321
INS_0030539,0.9084
INS_0027349,0.3653
INS_0031411,0.4719
INS_0027576,0.7898
INS_0030592,0.0001
INS_0030316,0.7155
INS_0031171,0.0726
INS_0028017,0.4134
INS_0031197,0.2012
INS_0032438,0.1213
INS_0031739,0.1549
INS_0029010,0.1522
INS_0028819,0.1978
INS_0027167,0.1549
INS_0026569,0.002
INS_0033281,0.3166
INS_0028488,0.8109
INS_0027936,0.7061
INS_0026937,0.6084
INS_0031442,0.1918
INS_0027783,0.2219
INS_0031217,0.2487
INS_0031845,0.3016
INS_0026913,0.4103
INS_0029000,0.265
INS_0028883,0.6211
INS_0026266,0.263
INS_0031287,0.4242
INS_0027509,0.104
INS_0030069,0.6824
INS_0032475,0.6543
INS_0032070,0.1352
INS_0026610,1.4795
INS_0030005,0.2538
INS_0027919,0.1993
INS_0028477,0.0404
INS_0028590,0.2355
INS_0031648,0.1148
INS_0028367,0.0001
INS_0029386,0.2363
INS_0029377,0.3436
INS_0030414,0.2127
INS_0030820,0.0307
INS_0026971,2.6765
INS_0030925,0.2293
INS_0029505,0.8207
INS_0027671,0.3617
INS_0028841,0.117
INS_0027562,0.0895
INS_0029567,0.661
INS_0028512,0.1764
INS_0033368,0.1537
INS_0026684,0.0949
INS_0027680,0.9755
INS_0032154,0.1304
INS_0029577,0.4046
INS_0029666,0.148
INS_0033141,0.1773
INS_0031351,0.2047
INS_0026818,0.3592
INS_0028671,0.3367
INS_0029430,0.1868
INS_0030252,0.5716
INS_0029739,0.2949
INS_0029053,0.0852
INS_0033331,0.2887
INS_0027386,0.1797
INS_0032287,0.2652
INS_0029941,1.257
INS_0028074,0.3293
INS_0031167,0.1603
INS_0032242,0.0001
INS_0031224,0.0767
INS_0029294,0.0717
INS_0033160,0.0634
INS_0028482,0.4369
INS_0030030,0.2405
INS_0032693,0.7638
INS_0032056,0.0003
INS_0032258,0.6508
INS_0029618,0.1079
INS_0031980,0.0002
INS_0026683,0.1867
INS_0029238,0.2121
INS_0028589,0.0995
INS_0029289,0.0429
INS_0027465,0.1754
INS_0028411,0.1721
INS_0027265,0.1148
INS_0029314,0.3629
INS_0031521,0.3369
INS_0030263,0.4165
INS_0027168,0.1348
INS_0030718,1.2246
INS_0026244,1.2644
INS_0031825,0.3333
INS_0031216,0.15
INS_0026418,0.9532
INS_0026212,0.0001
INS_0032782,0.7863
INS_0033593,0.1989
INS_0027461,0.1056
INS_0028799,0.4777
INS_0032342,0.1838
INS_0031336,0.5769
INS_0032230,0.1735
INS_0031156,0.3301
INS_0028214,0.0123
INS_0030981,0.0409
INS_0026611,1.0084
INS_0033005,0.2841
INS_0027377,0.0468
INS_0027778,0.4724
INS_0028635,0.8447
INS_0031846,0.102
INS_0032950,0.1351
INS_0029559,0.1261
INS_0030627,0.0488
INS_0027368,0.3849
INS_0030536,0.7437
INS_0032400,0.0829
INS_0030552,0.1101
INS_0027406,0.489
INS_0032135,0.2843
INS_0031763,0.4636
INS_0028854,1.4684
INS_0029318,0.3157
INS_0026793,0.3688
INS_0026669,0.3663
INS_0027460,0.1628
INS_0029687,1.2492
INS_0031003,0.0002
INS_0031135,0.0005
INS_0031894,0.0601
INS_0030955,0.0614
INS_0031645,0.1627
INS_0028738,0.1415
INS_0026120,0.5963
INS_0027457,0.9859
INS_0030683,0.1381
INS_0032638,0.1535
INS_0027134,0.1995
INS_0029650,0.2094
INS_0026296,0.1754
INS_0033391,0.5386
INS_0032716,0.1858
INS_0031248,0.5772
INS_0027851,0.4872
INS_0032739,0.3881
INS_0030964,0.0869
INS_0029836,0.3925
INS_0029477,0.6803
INS_0027403,0.8289
INS_0026701,2.1259
INS_0031050,0.6213
INS_0030383,0.5511
INS_0029397,1.3592
INS_0030358,0.2133
INS_0028240,0.3613
INS_0031776,0.8363
INS_0027926,0.0002
INS_0026105,0.6015
INS_0028183,0.0001
INS_0027784,0.443
INS_0030382,0.687
INS_0031230,0.6801
INS_0031620,0.0523
INS_0033654,0.2968
INS_0031797,0.708
INS_0028192,0.9888
INS_0031208,0.0002
INS_0030165,0.5816
INS_0028249,0.0733
INS_0032887,0.0002
INS_0031547,0.146
INS_0031466,0.3056
INS_0029748,0.343
INS_0028159,0.4903
INS_0030819,0.2006
INS_0028847,0.1149
INS_0028753,0.168
INS_0031280,0.2424
INS_0027743,0.1623
INS_0033017,0.1019
INS_0030941,0.2359
INS_0032338,0.128
INS_0033033,0.0003
INS_0027547,0.1136
INS_0028351,0.1139
INS_0033333,0.0025
INS_0026125,0.1642
INS_0027928,0.6566
INS_0032627,0.6512
INS_0026614,1.1028
INS_0030218,1.1506
INS_0032538,0.6029
INS_0032643,0.3273
INS_0031981,0.1799
INS_0031779,0.4934
INS_0031455,0.226
INS_0028481,0.5901
INS_0032965,0.0421
INS_0033122,0.1891
INS_0026584,0.2221
INS_0033373,0.0842
INS_0027394,0.7893
INS_0027755,0.2999
INS_0033239,0.3266
INS_0029646,0.513
INS_0032020,0.073
INS_0032798,0.3021
INS_0026521,0.0627
INS_0031633,0.0002
INS_0027631,0.7905
INS_0027799,0.4643
INS_0029385,0.2155
INS_0030890,0.337
INS_0030971,0.0002
INS_0032969,0.284
INS_0033280,0.0781
INS_0033146,0.6945
INS_0028785,0.9025
INS_0032386,0.0576
INS_0029557,0.3453
INS_0031359,0.0314
INS_0029827,0.3297
INS_0028570,0.088
INS_0031538,3.265
INS_0028217,0.0743
INS_0027156,0.6081
INS_0027204,0.2004
INS_0032747,0.1505
INS_0032499,0.0686
INS_0026934,0.0838
INS_0028579,0.1235
INS_0026773,0.4494
INS_0029306,0.3085
INS_0027188,0.4732
INS_0030259,0.3375
INS_0032418,0.792
INS_0033586,0.0754
INS_0028046,1.608
INS_0029001,0.0277
INS_0029727,0.0847
INS_0031367,0.2371
INS_0032982,0.1625
INS_0031133,0.1763
INS_0031044,1.0923
INS_0031064,0.1509
INS_0027105,0.1246
INS_0028966,0.3207
INS_0033522,0.1271
INS_0029842,0.5136
INS_0026339,2.2754
INS_0029624,0.0003
INS_0031513,0.2133
INS_0028076,0.0981
INS_0026917,0.185
INS_0030215,0.3397
INS_0028055,1.1938
INS_0029825,0.077
INS_0029513,0.0309
INS_0031926,0.1269
INS_0033188,0.1208
INS_0028305,0.2874
INS_0030101,2.9142
INS_0031745,0.3645
INS_0031853,0.8451
INS_0028494,0.4694
INS_0030760,0.2309
INS_0031887,0.1469
INS_0030545,0.0703
INS_0032028,0.5479
INS_0026182,0.2877
INS_0030524,0.1074
INS_0029205,0.3379
INS_0032074,0.1543
INS_0027310,0.1572
INS_0027456,0.7898
INS_0026149,0.0001
INS_0026264,0.0384
INS_0030129,0.0214
INS_0026147,0.5512
INS_0026476,0.0955
INS_0028079,1.3033
INS_0027602,0.2546
INS_0029715,0.2127
INS_0026451,0.0005
INS_0027150,0.72
INS_0030625,0.2187
INS_0033147,0.2054
INS_0029667,0.0229
INS_0031808,0.3974
INS_0026949,0.2833
INS_0032746,0.3865
INS_0030466,0.1358
INS_0027745,0.3307
INS_0031992,0.4118
INS_0029364,0.2138
INS_0029496,0.0493
INS_0027780,1.6997
INS_0033511,0.0002
INS_0033464,0.1681
INS_0027424,0.3011
INS_0030532,0.4877
INS_0033414,0.588
INS_0028594,0.3121
INS_0032985,0.0002
INS_0026775,0.5619
INS_0033619,0.0522
INS_0027018,0.0004
INS_0033081,0.0352
INS_0030589,0.082
INS_0032456,0.0328
INS_0029822,0.8391
INS_0028936,0.6534
INS_0032674,0.0001
INS_0032402,0.3564
INS_0027121,0.221
INS_0027933,0.3571
INS_0029994,0.0758
INS_0027771,1.2466
INS_0033634,0.4514
INS_0029919,0.1122
INS_0029504,0.1513
INS_0027655,0.2553
INS_0028514,0.1475
INS_0030565,0.2263
INS_0032902,0.0002
INS_0028943,0.4802
INS_0032667,0.5658
INS_0033422,0.0837
INS_0028196,0.706
INS_0028278,0.2557
INS_0027592,0.2859
INS_0029220,0.8074
INS_0029540,0.379
INS_0031890,0.2298
INS_0030175,0.393
INS_0032558,0.8652
INS_0032220,0.891
INS_0031688,0.1349
INS_0028642,0.2784
INS_0028002,0.1068
INS_0026426,1.2909
INS_0028292,0.0481
INS_0030243,0.2235
INS_0032054,0.0002
INS_0030788,0.0004
INS_0026966,1.0671
INS_0032585,0.3048
INS_0030594,0.2277
INS_0027622,0.3568
INS_0030617,0.2009
INS_0026250,0.0002
INS_0027813,0.2825
INS_0026344,0.5276
INS_0029088,0.1542
INS_0032789,0.0002
INS_0032634,0.0837
INS_0027284,0.4993
INS_0032378,0.4611
INS_0031309,0.6678
INS_0032036,0.3403
INS_0029118,0.1612
INS_0026963,0.277
INS_0027391,0.2272
INS_0029274,0.0002
INS_0028790,0.1784
INS_0030365,0.2814
INS_0032417,0.1457
INS_0027674,0.134
INS_0030146,0.6118
INS_0029498,0.8641
INS_0032025,0.5403
INS_0026898,0.8441
INS_0028682,0.6118
INS_0026715,0.4937
INS_0028081,0.1498
INS_0031823,0.0859
INS_0033235,0.0471
INS_0032786,0.3412
INS_0026157,0.8693
INS_0029295,0.3023
INS_0026499,0.8083
INS_0032202,0.0447
INS_0029850,0.3213
INS_0033062,1.2795
INS_0030736,0.0364
INS_0027686,0.2447
INS_0032248,0.1365
INS_0032744,0.1637
INS_0029332,0.0558
INS_0033011,0.1613
INS_0030427,1.2359
INS_0031835,0.4493
INS_0026843,1.2792
INS_0029487,0.2124
INS_0033533,0.1607
INS_0031094,0.1211
INS_0033001,0.0368
INS_0026654,2.188
INS_0031352,0.0434
INS_0028394,1.4728
INS_0031509,0.2423
INS_0027011,0.1092
INS_0028743,0.2073
INS_0033053,0.2467
INS_0030540,0.2537
INS_0029770,0.4111
INS_0030315,0.5685
INS_0027437,1.0853
INS_0031706,0.2534
INS_0028395,0.3237
INS_0026692,0.4177
INS_0030499,0.124
INS_0030470,0.2254
INS_0030974,0.1914
INS_0029225,0.0003
INS_0029635,0.0686
INS_0026353,0.2122
INS_0028359,0.1554
INS_0029474,1.794
INS_0026562,0.0004
INS_0031464,0.2177
INS_0029110,0.0682
INS_0033382,0.4787
INS_0033261,0.0764
INS_0028379,0.1681
INS_0033157,0.0517
INS_0027147,0.5291
INS_0026961,0.2016
INS_0027688,0.0001
INS_0031420,0.0003
INS_0028035,0.1312
INS_0026135,0.0772
INS_0032155,0.075
INS_0027452,0.2119
INS_0030753,0.252
INS_0026356,0.201
INS_0028066,0.3057
INS_0032925,0.0002
INS_0029285,0.0477
INS_0030112,0.3602
INS_0027922,0.1932
INS_0028273,0.0891
INS_0031962,0.2146
INS_0032875,0.229
INS_0031803,0.0003
INS_0029312,1.1056
INS_0029579,0.4246
INS_0032051,1.6094
INS_0029735,0.0719
INS_0026587,0.2338
INS_0031472,0.4997
INS_0027885,0.1233
INS_0030734,0.0328
INS_0031170,0.7692
INS_0032986,0.0899
INS_0031396,0.0858
INS_0029531,0.1474
INS_0027166,0.0819
INS_0029728,0.2699
INS_0028086,0.0519
INS_0033265,0.1636
INS_0033343,0.0001
INS_0032906,0.6518
INS_0026993,0.1884
INS_0029931,0.0805
INS_0029322,0.136
INS_0030285,0.0727
INS_0028757,0.1018
INS_0028560,0.678
INS_0033123,0.2646
INS_0032238,0.266
INS_0030389,0.2976
INS_0030895,0.0002
INS_0032474,0.095
INS_0028228,0.4007
INS_0026815,0.0001
INS_0028793,0.4745
INS_0033580,0.0313
INS_0026367,0.7581
INS_0030837,0.1938
INS_0028313,0.1127
INS_0029260,0.4559
INS_0030676,0.2588
INS_0032680,0.1773
INS_0031258,0.0002
INS_0031142,0.5795
INS_0032899,0.097
INS_0033357,0.0442
INS_0033162,0.2094
INS_0028939,0.0549
INS_0030056,0.0001
INS_0032160,0.5878
INS_0026188,1.4785
INS_0029254,1.4856
INS_0033180,0.0369
INS_0026536,0.6714
INS_0030287,0.7146
INS_0028295,0.3971
INS_0033665,0.0645
INS_0029532,1.6705
INS_0027829,0.4059
INS_0029636,0.0001
INS_0026354,0.2193
INS_0028645,1.0318
INS_0030852,0.6777
INS_0029596,0.1638
INS_0030887,0.1509
INS_0029980,0.0749
INS_0029975,0.1444
INS_0032299,0.0727
INS_0033418,0.1293
INS_0029439,0.255
INS_0029405,0.0285
INS_0027210,0.0941
INS_0027526,0.0992
INS_0033624,0.1189
INS_0027551,0.065
INS_0031820,0.08
INS_0032041,0.1248
INS_0030832,0.4223
INS_0027031,0.7918
INS_0026548,0.1204
INS_0029459,0.0339
INS_0030600,0.4366
INS_0030456,0.8242
INS_0029233,0.0002
INS_0030108,1.5008
INS_0027658,0.2428
INS_0030799,1.2906
INS_0031259,0.0003
INS_0029885,0.6174
INS_0029790,0.127
INS_0026491,0.0875
INS_0032807,0.3121
INS_0030666,0.1602
INS_0031465,0.2057
INS_0028124,0.0821
INS_0031342,1.0058
INS_0033550,0.0512
INS_0030504,0.0428
INS_0026172,0.2952
INS_0026189,0.3038
INS_0029272,0.3181
INS_0030611,0.0635
INS_0031321,0.4546
INS_0032301,0.0002
INS_0029653,0.1391
INS_0032524,0.2002
INS_0029826,0.0002
INS_0032317,0.0875
INS_0029324,0.7592
INS_0029855,0.0225
INS_0030506,0.6392
INS_0027886,1.612
INS_0027002,0.1096
INS_0033213,0.3889
INS_0031592,0.0227
INS_0032861,0.2054
INS_0028102,0.3366
INS_0026749,0.0002
INS_0033031,0.2393
INS_0032548,0.0677
INS_0026138,0.0005
INS_0030879,0.264
INS_0027470,0.1936
INS_0032759,0.129
INS_0028992,0.481
INS_0032542,0.0438
INS_0029901,0.3145
INS_0029288,0.7729
INS_0027102,0.806
INS_0028096,0.5277
INS_0032424,0.1077
INS_0027959,0.1785
INS_0033243,0.1302
INS_0029999,0.1717
INS_0026210,0.1587
INS_0026268,0.3964
INS_0030391,0.1684
INS_0029692,0.0326
INS_0031451,0.0612
INS_0031193,0.3175
INS_0029382,0.8629
INS_0029854,0.0479
INS_0029845,0.1991
INS_0027223,0.3471
INS_0030507,0.145
INS_0026371,0.6616
INS_0030491,0.2674
INS_0032399,0.1112
INS_0029414,0.0768
INS_0029781,0.4792
INS_0032243,0.071
INS_0032597,0.0033
INS_0031427,0.1843
INS_0026691,0.5886
INS_0028034,0.4653
INS_0030559,0.2868
INS_0027100,0.2059
INS_0027397,0.599
INS_0029965,0.8484
INS_0033051,0.3018
INS_0027216,1.3001
INS_0032269,0.6804
INS_0031542,0.2711
INS_0027267,0.5061
INS_0033397,0.1334
INS_0029984,0.1498
INS_0030836,0.1229
INS_0033679,0.0679
INS_0033438,0.0234
INS_0026544,0.7698
INS_0030145,0.0815
INS_0032889,0.3574
INS_0033004,0.4511
INS_0027980,0.0222
INS_0028620,0.5388
INS_0029085,0.2919
INS_0032029,0.0665
INS_0030660,0.2431
INS_0026306,0.0004
INS_0032067,0.304
INS_0029697,0.0974
INS_0030277,1.7047
INS_0032366,0.3424
INS_0026842,2.4479
INS_0028926,0.3282
INS_0033317,0.0002
INS_0028160,0.4243
INS_0027019,0.3875
INS_0029599,0.2227
INS_0028269,0.1277
INS_0028518,0.1273
INS_0027076,0.2925
INS_0030795,0.1124
INS_0028163,0.2143
INS_0029509,0.3333
INS_0026274,0.0043
INS_0031738,0.7372
INS_0027767,0.6716
INS_0027033,0.0026
INS_0027861,0.0002
INS_0031690,0.0516
INS_0032318,1.959
INS_0031723,0.1048
INS_0027986,0.1265
INS_0027628,0.1859
INS_0033214,0.2012
INS_0030581,0.1459
INS_0028181,0.072
INS_0027151,0.7268
INS_0027163,0.1519
INS_0026174,0.0002
INS_0030662,0.099
INS_0028877,0.9577
INS_0028650,0.0157
INS_0026628,0.1834
INS_0031669,0.3608
INS_0030588,0.3995
INS_0031161,0.0009
INS_0032276,0.0746
INS_0026613,0.4373
INS_0030286,0.0516
INS_0031855,0.102
INS_0028143,0.3607
INS_0032699,0.1877
INS_0031546,0.0817
INS_0027404,0.3923
INS_0029101,0.1708
INS_0029416,0.118
INS_0026108,0.629
INS_0031843,0.1057
INS_0033342,0.0672
INS_0029909,0.8028
INS_0027174,0.0307
INS_0030696,0.183
INS_0033463,0.6343
INS_0028648,0.3343
INS_0029991,0.2087
INS_0032951,0.1592
INS_0032050,0.2922
INS_0027438,0.0002
INS_0028750,0.1088
INS_0033307,0.1738
INS_0033645,0.3559
INS_0026679,0.1129
INS_0031876,0.0978
INS_0029431,0.0306
INS_0026474,0.1328
INS_0031260,1.1202
INS_0032518,0.611
INS_0032158,0.1136
INS_0031951,0.3524
INS_0032930,0.0913
INS_0028628,0.1682
INS_0033385,0.1761
INS_0026275,0.2054
INS_0028844,0.1355
INS_0031614,0.213
INS_0032233,0.0002
INS_0030678,0.2876
INS_0027098,0.0518
INS_0029493,0.088
INS_0030321,0.611
INS_0031649,0.0002
INS_0031990,0.0002
INS_0028616,0.3159
INS_0028977,0.3612
INS_0028060,0.1566
INS_0026208,0.1237
INS_0033553,0.4357
INS_0026591,0.2309
INS_0029278,0.1443
INS_0032942,0.6959
INS_0032464,0.4686
INS_0032551,0.0002
INS_0033660,0.0453
INS_0030561,0.0002
INS_0027944,1.031
INS_0029955,0.5014
INS_0029969,0.0001
INS_0032127,0.1451
INS_0030609,0.3729
INS_0026803,0.0881
INS_0032502,0.0039
INS_0027714,0.2773
INS_0029099,0.3902
INS_0027638,0.4282
INS_0030940,0.0985
INS_0033133,0.4135
INS_0030306,0.1827
INS_0033531,0.2724
INS_0031629,0.2715
INS_0031347,0.1164
INS_0032957,0.1708
INS_0028011,0.4563
INS_0032152,0.0635
INS_0026495,0.4352
INS_0032397,0.3924
INS_0030088,0.2543
INS_0027484,0.8184
INS_0031144,0.8047
INS_0032916,0.2681
INS_0033008,0.5732
INS_0032064,0.1974
INS_0030464,0.1421
INS_0030188,0.0003
INS_0030773,1.0149
INS_0028318,0.2566
INS_0029458,0.0002
INS_0028156,0.7694
INS_0033651,0.0002
INS_0031668,0.0272
INS_0033315,0.2005
INS_0030205,0.3318
INS_0032659,0.2445
INS_0032245,0.0246
INS_0031892,0.3362
INS_0028678,1.0555
INS_0028930,0.439
INS_0030580,0.1143
INS_0031768,0.2504
INS_0027570,0.3477
INS_0028030,0.0946
INS_0028403,0.1375
INS_0031103,0.0975
INS_0028287,0.3735
INS_0026741,0.0006
INS_0031619,0.1881
INS_0027847,0.4318
INS_0033384,1.3512
INS_0028501,0.8484
INS_0028443,0.2161
INS_0029614,0.1738
INS_0033010,0.1296
INS_0032843,0.4183
INS_0030979,0.1308
INS_0028279,0.1278
INS_0027013,0.0001
INS_0030385,0.4623
INS_0031578,0.2229
INS_0032878,0.5504
INS_0031097,0.0002
INS_0030715,0.4656
INS_0030128,0.1253
INS_0029883,0.5899
INS_0030481,0.0598
INS_0031357,0.0983
INS_0029930,0.6107
INS_0028262,0.0296
INS_0031060,0.4891
INS_0033079,0.0537
INS_0028908,0.1313
INS_0029135,0.0003
INS_0028236,0.1079
INS_0032163,0.0396
INS_0028712,0.2845
INS_0033576,0.1315
INS_0027971,0.1276
INS_0026938,0.1671
INS_0029229,0.2628
INS_0032756,0.3346
INS_0030240,0.383
INS_0030161,0.6671
INS_0030744,0.1677
INS_0028692,0.2356
INS_0031528,0.1053
INS_0032651,0.1588
INS_0031204,0.0651
INS_0026137,0.2444
INS_0030123,0.5838
INS_0031702,0.7337
INS_0026361,0.8439
INS_0032960,0.3227
INS_0031266,0.2443
INS_0033041,0.2844
INS_0031375,0.0372
INS_0033554,0.2938
INS_0030528,0.131
INS_0027948,0.4043
INS_0030926,0.345
INS_0031871,0.037
INS_0028132,0.0567
INS_0027958,0.0952
INS_0026145,0.57
INS_0026269,0.0004
INS_0031268,0.1382
INS_0032981,0.3807
INS_0031189,0.0216
INS_0027294,1.2219
INS_0027819,0.3817
INS_0031998,0.538
INS_0030372,0.1272
INS_0032157,0.0003
INS_0026171,0.1166
INS_0027571,0.1568
INS_0029343,1.2197
INS_0031107,0.0544
INS_0027275,0.1702
INS_0027597,1.4654
INS_0032893,0.3761
INS_0031421,0.2135
INS_0033116,0.0676
INS_0028989,0.3673
INS_0028900,0.1526
INS_0032526,0.54
INS_0032816,0.0549
INS_0026873,0.3515
INS_0030388,0.1757
INS_0028922,0.1201
INS_0028937,0.3531
INS_0028802,1.0031
INS_0032918,0.4426
INS_0032315,0.0858
INS_0029083,0.5168
INS_0029193,0.4092
INS_0029280,0.2242
INS_0030038,0.2432
INS_0026200,1.3269
INS_0027549,1.0274
INS_0030413,0.0942
INS_0030825,0.1305
INS_0027287,0.1889
INS_0032398,0.5194
INS_0030210,0.4512
INS_0027534,0.1659
INS_0028697,0.0278
INS_0029227,0.1157
INS_0027022,0.3805
INS_0028710,1.089
INS_0028614,0.9295
INS_0030469,0.2189
INS_0028222,0.3187
INS_0033676,0.183
INS_0028549,0.1178
INS_0027705,0.0004
INS_0030195,0.0566
INS_0027939,0.1309
INS_0032909,0.1411
INS_0028354,0.1573
INS_0029286,0.7099
INS_0027794,0.6248
INS_0027675,0.0761
INS_0026693,0.1361
INS_0028956,0.1146
INS_0027009,0.2626
INS_0028474,0.0398
INS_0027812,0.0422
INS_0029270,0.943
INS_0030198,0.297
INS_0027669,0.0001
INS_0029879,1.1912
INS_0028329,0.1728
INS_0028903,0.143
INS_0031931,0.057
INS_0031948,0.2946
INS_0030298,0.2496
INS_0032405,0.2009
INS_0028423,0.4144
INS_0027474,0.1154
INS_0026631,0.2361
INS_0027118,0.0924
INS_0033240,0.0586
INS_0028904,0.393
INS_0030577,0.1638
INS_0031756,0.2105
INS_0027418,0.8038
INS_0033089,0.1555
INS_0029974,0.259
INS_0033416,0.1619
INS_0026604,1.3368
INS_0030811,0.0003
INS_0029913,0.1367
INS_0027231,0.0775
INS_0029047,0.0645
INS_0030331,0.2314
INS_0031241,1.3267
INS_0029648,0.0942
INS_0028371,0.5596
INS_0027115,0.2946
INS_0030755,0.2121
INS_0032139,0.5531
INS_0032289,0.106
INS_0028215,0.3595
INS_0029019,0.4428
INS_0026540,0.0677
INS_0030249,0.1275
INS_0030689,0.0759
INS_0030126,0.9795
INS_0029453,0.1564
INS_0030406,0.0361
INS_0027451,0.0465
INS_0032328,0.0283
INS_0033506,0.2567
INS_0028704,0.2206
INS_0029584,1.2716
INS_0029761,0.0002
INS_0029105,0.7937
INS_0028428,0.0275
INS_0031770,0.0905
INS_0030564,0.0929
INS_0033623,0.0817
INS_0033312,1.062
INS_0029178,0.0135
INS_0026597,0.5021
INS_0030498,0.19
INS_0028739,0.6304
INS_0030446,0.6361
INS_0031512,0.2034
INS_0032672,0.5856
INS_0027695,0.1877
INS_0030443,1.0695
INS_0029380,0.3147
INS_0033313,0.0001
INS_0026759,0.5847
INS_0028596,0.2187
INS_0027248,0.0407
INS_0033527,0.1469
INS_0026973,0.0378
INS_0027427,0.1069
INS_0026685,0.2523
INS_0032734,0.0001
INS_0029395,0.6132
INS_0031866,0.291
INS_0031294,0.0879
INS_0031692,0.0442
INS_0027873,0.0364
INS_0030100,0.2549
INS_0032114,0.5202
INS_0032748,0.135
INS_0028301,0.0642
INS_0031340,0.316
INS_0029079,0.0543
INS_0029241,0.4517
INS_0028460,0.1152
INS_0030260,0.0455
INS_0027811,0.1495
INS_0027113,1.0738
INS_0033472,0.092
INS_0030511,0.2315
INS_0027903,0.0333
INS_0027598,0.145
INS_0033677,0.2283
INS_0031110,0.203
INS_0030646,0.28
INS_0030118,0.4496
INS_0030335,0.1309
INS_0031533,0.2483
INS_0029533,0.4641
INS_0031345,0.1938
INS_0030047,0.1932
INS_0026678,0.6945
INS_0033206,0.0002
INS_0029263,0.0915
INS_0029032,0.0884
INS_0026196,0.1456
INS_0033082,0.594
INS_0027411,0.168
INS_0032723,0.2097
INS_0028592,0.2329
INS_0029658,0.1058
INS_0030452,0.128
INS_0033161,0.1957
INS_0027711,0.1036
INS_0031500,0.5588
INS_0026643,3.0096
INS_0032570,0.1178
INS_0030569,0.0831
INS_0028701,0.2178
INS_0032060,0.0427
INS_0031901,0.1076
INS_0028625,0.0021
INS_0031950,0.3068
INS_0027304,0.1542
INS_0028274,0.211
INS_0033232,0.129
INS_0033152,0.0002
INS_0032462,0.1659
INS_0027707,0.0665
INS_0028372,0.3246
INS_0029688,0.4869
INS_0031191,0.0766
INS_0028162,0.809
INS_0030947,0.2639
INS_0027823,0.2077
INS_0033607,0.0948
INS_0026848,0.5805
INS_0026222,0.5381
INS_0031743,0.0434
INS_0030295,0.2784
INS_0027364,0.8931
INS_0033540,0.6621
INS_0030750,0.0527
INS_0026487,0.2546
INS_0028656,0.0909
INS_0027870,0.619
INS_0031966,0.4265
INS_0029122,0.619
INS_0027740,0.0898
INS_0033519,0.1333
INS_0033132,0.1244
INS_0029475,0.0903
INS_0031447,0.2504
INS_0033321,0.728
INS_0032473,0.1665
INS_0028454,0.2569
INS_0030386,0.093
INS_0026787,0.732
INS_0026927,0.9639
INS_0033158,0.129
INS_0027285,0.5863
INS_0031317,0.1272
INS_0026546,1.9313
INS_0026121,0.2858
INS_0027329,0.4277
INS_0031507,0.0892
INS_0028963,0.1245
INS_0031713,0.0816
INS_0030673,0.09
INS_0032251,0.7808
INS_0031052,0.0002
INS_0032463,0.9345
INS_0027593,0.288
INS_0030076,1.329
INS_0027609,0.1034
INS_0031106,0.222
INS_0026674,0.1079
INS_0027120,0.0955
INS_0026894,0.3881
INS_0031474,0.2946
INS_0026790,0.4109
INS_0032316,0.0612
INS_0029432,0.2203
INS_0033095,0.4434
INS_0029070,0.215
INS_0027648,0.2371
INS_0032736,0.1129
INS_0027536,0.6607
INS_0031772,0.046
INS_0031452,0.4032
INS_0027202,0.2957
INS_0032278,0.1868
INS_0028548,0.0909
INS_0031775,0.6309
INS_0027367,0.1407
INS_0030177,0.7469
INS_0028439,0.0651
INS_0027014,0.5923
INS_0032094,0.165
INS_0032011,0.0734
INS_0027678,0.1605
INS_0032275,0.2706
INS_0028442,0.0708
INS_0026251,1.1052
INS_0029583,0.2127
INS_0029779,0.0007
INS_0028573,0.0823
INS_0028053,0.0559
INS_0032479,0.0502
INS_0030411,0.2368
INS_0028660,0.4482
INS_0030477,0.1791
INS_0031236,0.179
INS_0026641,1.0027
INS_0026967,0.9464
INS_0028674,0.1859
INS_0028838,0.3352
INS_0030876,0.3333
INS_0029212,0.5283
INS_0026612,0.0003
INS_0028985,0.4498
INS_0030823,0.0842
INS_0033493,0.7283
INS_0028756,0.136
INS_0026556,0.3085
INS_0027527,0.1433
INS_0030376,0.0456
INS_0032374,0.1122
INS_0029766,0.1266
INS_0028771,0.2741
INS_0027542,0.0797
INS_0028890,0.0774
INS_0026709,1.2593
INS_0028115,1.1746
INS_0029387,0.03
INS_0030111,0.0329
INS_0028446,0.1885
INS_0029350,0.0552
INS_0030247,0.9358
INS_0026457,0.0002
INS_0027666,0.0771
INS_0032420,0.118
INS_0027255,0.4563
INS_0028243,0.0002
INS_0033565,0.1792
INS_0028949,0.106
INS_0028828,0.0528
INS_0026255,0.5472
INS_0033251,0.2606
INS_0028144,0.6483
INS_0026744,0.0375
INS_0032536,0.361
INS_0030434,0.0972
INS_0027298,0.4552
INS_0031061,0.1262
INS_0026919,0.5108
INS_0032297,0.1396
INS_0027978,0.0727
INS_0032244,0.1182
INS_0027912,0.4286
INS_0032776,0.3491
INS_0033611,0.1349
INS_0032990,0.2983
INS_0027545,0.1836
INS_0027053,0.4981
INS_0030010,0.2893
INS_0032564,0.7528
INS_0031570,0.3773
INS_0028861,0.3545
INS_0031435,0.3553
INS_0027030,0.4298
INS_0032673,0.1751
INS_0028463,0.1225
INS_0028899,0.3808
INS_0026239,0.4321
INS_0032974,0.1348
INS_0029320,0.1719
INS_0029249,0.7008
INS_0026867,0.8623
INS_0030643,0.6619
INS_0029009,1.171
INS_0028271,0.5954
INS_0026792,0.9616
INS_0033150,0.0529
INS_0027828,0.0182
INS_0027396,0.2178
INS_0032254,0.2988
INS_0031991,0.169
INS_0033504,0.13
INS_0028345,0.2087
INS_0026438,0.1808
INS_0033530,0.0002
INS_0030134,0.4117
INS_0026903,0.488
INS_0032247,0.4116
INS_0027132,0.1399
INS_0026745,1.3642
INS_0033487,0.2212
INS_0029020,1.09
INS_0027430,0.2652
INS_0026950,0.2899
INS_0026670,0.7627
INS_0031868,0.1112
INS_0027595,0.0869
INS_0031145,0.2957
INS_0032733,0.1486
INS_0031638,0.1453
INS_0026800,0.7744
INS_0027048,0.8676
INS_0026836,0.441
INS_0029218,0.7634
INS_0027491,0.2632
INS_0027356,0.2033
INS_0027079,0.208
INS_0030790,0.1591
INS_0030517,0.0001
INS_0030403,0.0757
INS_0030490,0.4324
INS_0033088,0.1657
INS_0033556,0.1629
INS_0032076,1.0506
INS_0030920,0.9014
INS_0026217,0.776
INS_0031518,0.1189
INS_0026580,0.5185
INS_0032760,0.1452
INS_0032848,0.3428
INS_0030428,0.2032
INS_0030053,0.1456
INS_0031631,0.0682
INS_0026480,0.5339
INS_0033452,0.1456
INS_0031155,0.2868
INS_0028141,0.3268
INS_0028563,0.1366
INS_0028766,1.2908
INS_0030227,0.7937
INS_0027911,0.4267
INS_0029015,0.2936
INS_0029701,0.116
INS_0026748,0.0003
INS_0029484,0.6295
INS_0026446,0.2123
INS_0026879,0.1448
INS_0032379,0.459
INS_0032125,0.8245
INS_0032928,0.1012
INS_0027370,0.0666
INS_0031146,0.0752
INS_0031202,0.2522
INS_0026194,0.8302
INS_0026404,0.0001
INS_0026563,0.5916
INS_0029438,0.418
INS_0030985,0.0473
INS_0028458,0.8629
INS_0029882,0.2522
INS_0033653,1.2866
INS_0027546,0.2571
INS_0027296,0.6203
INS_0028075,0.0926
INS_0027790,0.0979
INS_0028884,0.0375
INS_0031175,0.1504
INS_0029591,0.8854
INS_0028180,0.0287
INS_0028733,0.0331
INS_0032823,0.7603
INS_0028170,0.51
INS_0032130,0.179
INS_0026176,0.2545
INS_0026531,0.1057
INS_0029799,0.2889
INS_0027979,0.6961
INS_0029245,0.4501
INS_0033520,1.2455
INS_0031621,0.2463
INS_0033655,0.1778
INS_0032052,0.2725
INS_0031278,0.0747
INS_0027511,0.0801
INS_0026497,0.8826
INS_0033458,0.252
INS_0028910,0.0001
INS_0027888,0.7151
INS_0026364,1.8954
INS_0029138,0.0005
INS_0029035,0.6302
INS_0030859,0.6231
INS_0032859,0.0355
INS_0029006,0.0831
INS_0028993,0.0811
INS_0031686,0.2165
INS_0031783,0.5461
INS_0033488,0.258
INS_0032388,0.5209
INS_0028528,0.6209
INS_0027739,0.1474
INS_0030728,0.9117
INS_0033632,0.1257
INS_0033304,0.1395
INS_0029783,0.0928
INS_0029203,0.2801
INS_0028380,0.0002
INS_0026846,1.2315
INS_0029529,0.1685
INS_0028429,0.0563
INS_0030904,0.1292
INS_0027756,0.2272
INS_0029373,0.0923
INS_0030052,0.233
INS_0028868,0.0928
INS_0029555,2.2473
INS_0031218,0.0003
INS_0032300,0.0842
INS_0026754,0.0002
INS_0027634,0.3553
INS_0030768,0.1123
INS_0027345,0.0478
INS_0030873,0.816
INS_0029538,0.7291
INS_0030234,0.2523
INS_0027467,0.1202
INS_0031072,1.7725
INS_0029016,0.0005
INS_0029063,0.038
INS_0031676,0.0371
INS_0031257,0.0304
INS_0027314,0.0715
INS_0030858,0.8694
INS_0033110,0.0575
INS_0033345,0.8457
INS_0030927,0.3154
INS_0026248,0.0812
INS_0028572,0.0299
INS_0030194,0.1161
INS_0028408,1.3476
INS_0026659,1.9058
INS_0033513,0.2769
INS_0026511,0.0003
INS_0029198,0.2744
INS_0028562,0.0196
INS_0032623,0.2166
INS_0029330,0.5865
INS_0031487,0.0002
INS_0028523,0.0826
INS_0033339,0.1275
INS_0033516,0.19
INS_0026253,0.9248
INS_0032642,0.0588
INS_0033170,0.1022
INS_0033136,0.0939
INS_0032033,0.347
INS_0026285,0.639
INS_0031243,0.5502
INS_0030156,0.1221
INS_0029013,0.1955
INS_0031313,0.0423
INS_0026214,0.8808
INS_0028122,0.5677
INS_0033569,0.389
INS_0032945,0.2187
INS_0031036,0.2181
INS_0028202,0.1633
INS_0030881,0.073
INS_0027665,0.221
INS_0032586,0.2447
INS_0029237,0.0001
INS_0029224,0.1795
INS_0029546,0.1076
INS_0026797,1.0962
INS_0030649,0.3182
INS_0027431,0.2461
INS_0032635,0.0642
INS_0033032,0.0002
INS_0027599,0.0778
INS_0031250,0.4122
INS_0033027,0.4748
INS_0029460,0.0001
INS_0032883,0.065
INS_0031163,3.8116
INS_0030999,0.2963
INS_0030644,0.0004
INS_0027360,0.3088
INS_0032862,0.3665
INS_0026633,0.5456
INS_0031066,0.0459
INS_0032204,0.0827
INS_0028396,0.3166
INS_0028238,1.0285
INS_0033545,0.1949
INS_0032595,0.0986
INS_0032898,0.1318
INS_0031330,0.0369
INS_0031444,0.3736
INS_0028953,0.1599
INS_0026807,0.8671
INS_0028737,0.2254
INS_0030366,0.2824
INS_0031813,0.4935
INS_0030079,0.0632
INS_0030951,0.1087
INS_0030501,0.1016
INS_0033092,0.1634
INS_0029704,0.3857
INS_0026228,0.6086
INS_0033425,0.6487
INS_0026346,1.0433
INS_0028028,0.0538
INS_0026183,0.0003
INS_0029098,0.0849
INS_0033574,0.1177
INS_0026452,0.1191
INS_0031675,0.0571
INS_0029848,0.8212
INS_0029918,0.1094
INS_0028520,0.0468
INS_0032877,0.1272
INS_0026696,0.8515
INS_0026774,0.6819
INS_0029119,1.3401
INS_0026939,0.7366
INS_0032742,0.2076
INS_0030596,0.9531
INS_0031463,0.0521
INS_0027512,0.2996
INS_0026335,0.3269
INS_0032967,0.4398
INS_0030110,0.2089
INS_0026428,0.9697
INS_0028600,0.1309
INS_0027833,0.065
INS_0028337,0.5588
INS_0031390,0.2248
INS_0030420,0.0004
INS_0027616,0.1805
INS_0028772,0.5628
INS_0030804,1.0692
INS_0031798,1.5608
INS_0029284,0.0607
INS_0027772,0.2344
INS_0030192,0.2937
INS_0027891,0.1039
INS_0029469,0.1867
INS_0029293,0.5294
INS_0033353,0.3368
INS_0027453,0.1183
INS_0032053,0.1863
INS_0029103,0.1213
INS_0031180,0.6258
INS_0028708,0.5826
INS_0026503,0.3908
INS_0031001,0.5077
INS_0031777,0.4139
INS_0027557,0.1248
INS_0031662,0.1625
INS_0026910,0.147
INS_0030598,0.6993
INS_0026256,0.1106
INS_0031059,0.0949
INS_0027519,0.1239
INS_0029749,0.0709
INS_0026901,0.0001
INS_0027508,0.1225
INS_0032762,1.1002
INS_0026918,0.962
INS_0027617,0.7306
INS_0032854,0.0723
INS_0030863,0.1499
INS_0030939,0.0683
INS_0030661,0.0546
INS_0026568,0.6878
INS_0027302,0.0246
INS_0026432,1.1999
INS_0028472,0.0511
INS_0027365,0.1393
INS_0027353,0.0748
INS_0033351,0.1101
INS_0033175,0.0002
INS_0031088,0.118
INS_0028257,0.0004
INS_0027908,0.1193
INS_0033075,0.1339
INS_0033585,0.4336
INS_0027976,0.5191
INS_0032796,0.047
INS_0027189,0.0805
INS_0026140,0.9191
INS_0030688,0.0944
INS_0031571,0.5961
INS_0032031,0.2149
INS_0029778,0.074
INS_0028349,0.188
INS_0029250,0.1593
INS_0031478,0.4197
INS_0027895,0.2003
INS_0029071,0.0475
INS_0033322,0.3336
INS_0027766,0.4572
INS_0027045,0.6873
INS_0031640,0.1559
INS_0030968,0.2669
INS_0028321,0.58
INS_0032687,0.6467
INS_0032194,0.1865
INS_0027667,0.1408
INS_0027865,0.104
INS_0029711,0.2406
INS_0028684,0.2849
INS_0027832,0.1245
INS_0027125,0.1224
INS_0031010,0.2388
INS_0028855,0.1141
INS_0027422,0.0631
INS_0029800,0.0004
INS_0032354,0.0995
INS_0030361,0.274
INS_0031038,1.9745
INS_0033151,0.4266
INS_0030324,0.1749
INS_0028546,0.1932
INS_0027607,0.0704
INS_0027256,0.0881
INS_0028289,0.0882
INS_0030525,0.3139
INS_0033643,0.1363
INS_0032419,0.2192
INS_0027063,0.0752
INS_0031293,0.1528
INS_0028239,1.0301
INS_0028611,0.4092
INS_0029966,0.3105
INS_0027409,0.115
INS_0029427,0.4723
INS_0028469,0.0001
INS_0026608,0.9056
INS_0031696,0.2521
INS_0026203,1.1923
INS_0028745,0.1031
INS_0031849,0.1013
INS_0026647,0.1177
INS_0027489,0.6537
INS_0027553,0.0512
INS_0026453,0.9594
INS_0028921,0.1521
INS_0029049,0.1306
INS_0030533,0.1148
INS_0033434,0.2563
INS_0032987,0.0591
INS_0028669,0.0397
INS_0027293,0.136
INS_0033659,0.1652
INS_0028832,0.1013
INS_0032280,0.1443
INS_0032491,0.13
INS_0031715,0.1265
INS_0031471,0.2275
INS_0032264,0.2736
INS_0026416,1.2041
INS_0028964,0.3004
INS_0030593,0.0996
INS_0033039,0.0827
INS_0028728,0.0745
INS_0030752,0.3239
INS_0026812,0.2991
INS_0031698,0.5331
INS_0028259,0.2703
INS_0030020,0.2624
INS_0027085,0.0002
INS_0028850,0.0509
INS_0028751,0.1385
INS_0029003,0.6171
INS_0027392,0.0278
INS_0033209,0.0703
INS_0031206,0.1195
INS_0027421,0.8808
INS_0031101,0.3165
INS_0033359,0.0002
INS_0030343,0.266
INS_0031831,0.2078
INS_0033410,0.1837
INS_0027321,0.2358
INS_0026392,0.5371
INS_0033670,0.2652
INS_0031679,0.1178
INS_0033362,0.2667
INS_0028336,0.3087
INS_0031381,0.2675
INS_0028742,0.0695
INS_0029059,0.0004
INS_0030080,0.4383
INS_0033650,0.0774
INS_0033050,0.643
INS_0030989,0.3541
INS_0028049,0.3457
INS_0027970,0.0635
INS_0032195,0.0941
INS_0029545,0.0652
INS_0029603,0.4503
INS_0029276,1.6823
INS_0028230,0.0642
INS_0030091,0.7616
INS_0030410,0.7298
INS_0031043,0.0373
INS_0028833,0.6025
INS_0028346,1.0051
INS_0027652,0.0573
INS_0026318,0.0001
INS_0029912,0.2915
INS_0028296,0.0793
INS_0029390,0.2757
INS_0032387,0.1125
INS_0030737,0.1459
INS_0032189,0.0003
INS_0032728,0.1832
INS_0028760,0.0753
INS_0033218,0.0002
INS_0030702,0.4277
INS_0028023,0.6224
INS_0031249,0.0704
INS_0032791,0.475
INS_0029231,0.0961
INS_0032132,0.5323
INS_0032972,0.1595
INS_0029252,1.3838
INS_0031877,0.2142
INS_0027563,0.074
INS_0029586,0.2394
INS_0027131,0.3113
INS_0027000,1.9752
INS_0030938,0.2942
INS_0027334,0.2534
INS_0028177,1.0805
INS_0030155,0.6957
INS_0029177,0.2185
INS_0029691,0.8472
INS_0029947,0.14
INS_0026126,0.4402
INS_0029271,0.1462
INS_0026407,0.2156
INS_0032514,0.1851
INS_0030878,0.4033
INS_0031030,0.5354
INS_0033387,0.5732
INS_0032653,0.0002
INS_0030670,0.435
INS_0030082,0.1706
INS_0028702,0.1825
INS_0029292,0.0558
INS_0029142,0.4195
INS_0027245,0.2168
INS_0027288,0.461
INS_0033356,0.0002
INS_0033211,0.8661
INS_0030400,0.3617
INS_0033324,0.161
INS_0027343,0.5787
INS_0028166,0.0674
INS_0032229,0.1494
INS_0030345,0.0002
INS_0026230,0.637
INS_0031834,0.3952
INS_0031429,0.2576
INS_0031078,0.1126
INS_0029497,0.147
INS_0030417,0.3144
INS_0027814,0.1848
INS_0030480,0.5561
INS_0031151,0.4641
INS_0029927,0.0002
INS_0026742,1.367
INS_0028340,0.0771
INS_0026723,1.3771
INS_0032142,0.4368
INS_0033144,0.1557
INS_0026968,0.0002
INS_0031661,0.1822
INS_0026982,1.4179
INS_0027199,0.5374
INS_0032761,0.1166
INS_0028794,0.0426
INS_0033498,0.3123
INS_0026433,0.0001
INS_0028551,1.3873
INS_0033237,0.0882
INS_0032947,0.3091
INS_0026390,0.2239
INS_0032995,0.8674
INS_0030460,0.1989
INS_0026379,0.1664
INS_0030058,0.3452
INS_0027058,0.2988
INS_0032240,1.1674
INS_0026970,0.191
INS_0026477,0.4637
INS_0032556,0.2461
INS_0029738,0.0673
INS_0033019,0.8581
INS_0030061,0.2222
INS_0027890,0.116
INS_0026399,0.5672
INS_0028664,0.4277
INS_0032012,0.2006
INS_0029585,0.32
INS_0031821,0.8381
INS_0030612,0.1465
INS_0031671,0.3892
INS_0033148,0.0504
INS_0030634,0.0818
INS_0032047,0.1573
INS_0030816,0.1979
INS_0027209,0.0684
INS_0031836,0.3744
INS_0029008,0.0824
INS_0030977,1.033
INS_0030283,0.9244
INS_0029262,0.7706
INS_0026289,0.692
INS_0029615,0.0754
INS_0028419,0.1719
INS_0033013,0.1145
INS_0027225,0.3898
INS_0032196,0.0849
INS_0027024,0.3372
INS_0027371,0.0798
INS_0030549,0.1972
INS_0031665,0.1325
INS_0026320,0.1561
INS_0026124,0.1837
INS_0031238,0.3347
INS_0033271,0.3076
INS_0031029,0.3084
INS_0031810,0.06
INS_0027208,0.0003
INS_0030954,0.2225
INS_0026599,0.5191
INS_0027993,0.1695
INS_0028298,0.2356
INS_0026855,0.4616
INS_0029347,0.1227
INS_0027768,1.1838
INS_0032661,0.0403
INS_0032953,0.1071
INS_0029932,0.0496
INS_0033433,0.076
INS_0033248,0.7251
INS_0033479,0.0003
INS_0032428,0.4071
INS_0028746,0.2918
INS_0032891,0.2041
INS_0027702,0.2446
INS_0028894,0.0697
INS_0031223,0.2592
INS_0032757,0.0006
INS_0027604,0.0006
INS_0027920,0.1387
INS_0029652,0.0416
INS_0030905,0.0001
INS_0031267,0.3727
INS_0030615,0.2519
INS_0027146,0.1628
INS_0033059,0.1369
INS_0030471,0.3257
INS_0029046,0.0563
INS_0031793,0.2724
INS_0032201,0.3797
INS_0029523,0.1109
INS_0029597,0.1658
INS_0028476,0.0715
INS_0029388,0.0004
INS_0032509,0.1894
INS_0026801,0.1759
INS_0027052,0.0627
INS_0028365,0.4658
INS_0029712,0.7702
INS_0030972,0.085
INS_0032517,0.0917
INS_0027315,0.1595
INS_0027815,0.1488
INS_0030301,1.2664
INS_0029960,0.5031
INS_0029745,0.0355
INS_0028898,0.1333
INS_0031944,0.0743
INS_0032416,0.182
INS_0027389,0.1199
INS_0030223,0.5765
INS_0029998,0.1409
INS_0031622,1.3145
INS_0032482,0.0002
INS_0031168,0.1969
INS_0033480,0.0868
INS_0029369,0.5277
INS_0032062,0.0008
INS_0030201,0.2687
INS_0026850,0.0002
INS_0033648,0.0633
INS_0026829,0.0003
INS_0026547,0.4503
INS_0027722,0.7134
INS_0032358,0.6559
INS_0027844,0.0318
INS_0031209,0.3329
INS_0028470,1.035
INS_0030984,0.1565
INS_0028205,0.1261
INS_0026424,2.4843
INS_0027475,0.4775
INS_0027263,0.2925
INS_0032512,0.3218
INS_0027856,0.3412
INS_0028543,0.1398
INS_0030113,0.0419
INS_0031634,0.0273
INS_0029602,0.8804
INS_0028878,0.473
INS_0026445,0.2408
INS_0029810,0.6381
INS_0030015,0.1687
INS_0029869,0.3183
INS_0027682,0.2221
INS_0031263,0.1854
INS_0030231,0.0002
INS_0033080,0.0936
INS_0032753,0.2669
INS_0032935,0.2075
INS_0027439,0.1866
INS_0026839,1.713
INS_0028058,0.1233
INS_0029747,0.0002
INS_0026460,0.0001
INS_0032989,0.4618
INS_0027122,0.6481
INS_0033135,0.4513
INS_0028397,0.1595
INS_0031660,0.0066
INS_0028876,0.538
INS_0026259,0.2052
INS_0030687,0.0004
INS_0026757,0.8683
INS_0032932,0.4628
INS_0028814,0.0277
INS_0032024,0.12
INS_0029875,0.0001
INS_0031699,0.3667
INS_0033449,0.5234
INS_0026689,0.7673
INS_0027084,0.8284
INS_0030818,0.1469
INS_0030444,0.3366
INS_0032867,0.5041
INS_0031925,0.5014
INS_0032298,0.7508
INS_0032105,1.5027
INS_0031483,0.5844
INS_0028174,0.289
INS_0028235,0.1601
INS_0033284,0.2457
INS_0031007,0.8054
INS_0026940,0.8008
INS_0026233,0.1418
INS_0031598,0.0003
INS_0027643,0.0402
INS_0028095,0.0643
INS_0031938,0.1801
INS_0028998,0.4715
INS_0032236,0.6099
INS_0033325,0.1374
INS_0030888,0.0458
INS_0031456,0.8961
INS_0030238,0.0833
INS_0032113,0.3341
INS_0033006,0.1207
INS_0028698,0.3186
INS_0027328,0.3768
INS_0031724,0.2377
INS_0032255,0.2544
INS_0033364,0.3413
INS_0031067,0.105
INS_0026981,0.1642
INS_0032508,0.0496
INS_0030394,0.0995
INS_0032385,0.2003
INS_0033535,0.0195
INS_0032171,0.1591
INS_0031970,0.0809
INS_0027213,0.2623
INS_0030910,0.0823
INS_0027060,0.4635
INS_0028804,0.5253
INS_0030973,0.307
INS_0031034,0.1149
INS_0031484,0.1491
INS_0032367,0.2769
INS_0026779,0.199
INS_0026473,1.5243
INS_0031839,0.0765
INS_0027369,0.0852
INS_0033426,0.0827
INS_0026316,0.4325
INS_0030314,0.1527
INS_0028723,0.3117
INS_0030575,0.8097
INS_0029216,0.6248
INS_0029703,1.4476
INS_0032577,0.0018
INS_0033663,0.0427
INS_0026134,0.4906
INS_0032431,0.2138
INS_0028130,0.1368
INS_0028312,0.2668
INS_0030232,0.1336
INS_0027264,0.3443
INS_0030957,0.0928
INS_0030282,0.0005
INS_0031915,0.4708
INS_0028534,0.1167
INS_0027713,0.2937
INS_0030986,0.5773
INS_0027300,0.0369
INS_0030807,0.7176
INS_0033291,0.0002
INS_0026686,0.0001
INS_0027372,0.0001
INS_0028522,0.5284
INS_0030288,0.1071
INS_0027010,0.0003
INS_0032881,0.3163
INS_0033145,0.0644
INS_0030812,0.414
INS_0031999,0.0734
INS_0031045,0.3824
INS_0027543,0.1127
INS_0032962,0.3406
INS_0028931,0.9415
INS_0033225,0.0003
INS_0029866,0.2925
INS_0027238,0.1771
INS_0030995,0.1428
INS_0030748,0.0912
INS_0027249,0.863
INS_0033525,0.0527
INS_0032819,0.1359
INS_0029640,2.2886
INS_0026883,0.8154
INS_0030757,0.3004
INS_0030436,0.4597
INS_0026997,0.5121
INS_0027243,0.1844
INS_0026866,0.1575
INS_0027385,0.4406
INS_0032476,0.2081
INS_0033091,0.2811
INS_0026461,1.3927
INS_0026303,0.0001
INS_0032767,0.1273
INS_0027941,0.4848
INS_0032239,0.0002
INS_0028835,0.0808
INS_0027662,0.0944
INS_0031811,0.1655
INS_0031922,0.5145
INS_0031616,0.0154
INS_0033096,0.6883
INS_0028735,0.2154
INS_0029304,0.8108
INS_0031388,0.3542
INS_0032091,0.2934
INS_0031945,0.1561
INS_0029903,0.1266
INS_0026382,0.8056
INS_0032559,0.0382
INS_0026502,0.0813
INS_0032119,0.1112
INS_0033548,0.0002
INS_0028082,0.0962
INS_0032676,0.0676
INS_0033562,1.1173
INS_0033036,0.1924
INS_0028291,0.0546
INS_0029668,0.3907
INS_0032806,0.6819
INS_0032764,0.8515
INS_0026595,0.1349
INS_0028072,0.1216
INS_0030255,0.4679
INS_0029488,0.1091
INS_0026665,0.0631
INS_0029265,0.2366
INS_0030821,0.1163
INS_0029707,0.0006
INS_0032657,0.8662
INS_0032908,0.0022
INS_0033409,0.1686
INS_0033236,0.188
INS_0032815,0.0911
INS_0026324,0.1693
INS_0030476,0.4935
INS_0027934,0.2713
INS_0031767,0.2333
INS_0030408,0.0469
INS_0029856,0.2127
INS_0027020,0.0007
INS_0029785,0.8869
INS_0028740,0.0761
INS_0032584,0.2054
INS_0029957,0.0615
INS_0033608,0.5122
INS_0026762,0.5512
INS_0031126,0.0712
INS_0031341,0.1115
INS_0027164,0.0817
INS_0028104,0.1572
INS_0032675,0.0013
INS_0030339,0.055
INS_0029472,0.2234
INS_0028749,0.0517
INS_0031913,0.1084
INS_0031247,0.3533
INS_0028226,0.3256
INS_0033099,0.0594
INS_0032324,0.4407
INS_0031486,1.5118
INS_0032882,0.0457
INS_0032529,0.2421
INS_0030694,0.0796
INS_0030826,0.3663
INS_0028221,0.2866
INS_0032137,0.0759
INS_0027774,1.6114
INS_0026104,0.0001
INS_0028357,0.3428
INS_0028709,0.0892
INS_0031896,0.0778
INS_0032560,0.5144
INS_0029269,1.519
INS_0031909,0.9569
INS_0026226,0.3839
INS_0031682,0.118
INS_0031529,0.3199
INS_0026449,0.6317
INS_0029725,0.1374
INS_0026405,0.107
INS_0028275,0.0301
INS_0032820,0.0596
INS_0028872,0.164
INS_0027464,0.2869
INS_0032554,0.0936
INS_0029334,0.3514
INS_0032599,0.0948
INS_0029620,0.3817
INS_0029287,0.6737
INS_0028830,0.132
INS_0032660,0.1676
INS_0031424,0.1434
INS_0032147,0.0001
INS_0030875,0.084
INS_0032943,0.282
INS_0032713,0.9404
INS_0029328,0.1036
INS_0031753,0.0343
INS_0033598,0.2016
INS_0027825,0.7023
INS_0033435,0.0778
INS_0030495,0.188
INS_0029789,0.8603
INS_0026165,0.0692
INS_0027952,0.0005
INS_0032578,0.064
INS_0027323,0.0256
INS_0033065,0.0001
INS_0027271,0.1001
INS_0031908,0.0795
INS_0031664,0.072
INS_0029412,0.1394
INS_0027051,0.0006
INS_0026849,1.3184
INS_0033320,0.3301
INS_0031963,0.6005
INS_0026518,0.4698
INS_0028374,0.2297
INS_0026459,0.4223
INS_0028670,0.4955
INS_0029566,0.1397
INS_0031897,0.5035
INS_0028724,0.4291
INS_0027016,0.1872
INS_0028591,0.0001
INS_0026658,0.0003
INS_0032102,0.2908
INS_0027927,0.173
INS_0027241,0.1395
INS_0033363,0.1793
INS_0031125,0.4908
INS_0031759,0.1092
INS_0026186,0.0002
INS_0033383,0.4073
INS_0027805,0.0009
INS_0029446,0.0682
INS_0031228,0.7031
INS_0026897,0.3788
INS_0032919,0.0236
INS_0033526,0.1199
INS_0028640,0.0001
INS_0028040,0.076
INS_0029115,1.1422
INS_0026117,0.0706
INS_0028839,1.457
INS_0033181,0.1037
INS_0031514,0.0444
INS_0030090,0.4733
INS_0027219,0.3181
INS_0030624,0.0626
INS_0031880,0.3849
INS_0027495,0.8242
INS_0030779,0.5956
INS_0027253,0.8898
INS_0033551,0.276
INS_0026177,0.1024
INS_0028316,0.6303
INS_0028603,0.0583
INS_0031728,0.103
INS_0027482,0.1905
INS_0028901,0.3858
INS_0032743,0.1655
INS_0026881,0.0005
INS_0032292,1.0544
INS_0030066,0.5168
INS_0030269,0.2822
INS_0031750,0.1919
INS_0026391,0.0436
INS_0028755,0.0969
INS_0033083,0.0002
INS_0032409,0.4338
INS_0030432,0.9621
INS_0026639,0.3288
INS_0026666,1.2242
INS_0031387,0.2454
INS_0030845,1.5336
INS_0031609,1.4304
INS_0030233,0.8833
INS_0028322,0.5604
INS_0031165,0.1732
INS_0029127,0.0998
INS_0026995,0.5731
INS_0027234,0.519
INS_0026301,0.5526
INS_0032030,0.5545
INS_0027258,0.0541
INS_0031402,0.4124
INS_0029215,0.0003
INS_0028525,0.2969
INS_0027533,0.157
INS_0028042,0.158
INS_0033297,0.2994
INS_0029448,0.2046
INS_0029563,0.1051
INS_0027416,0.6184
INS_0026148,0.0455
INS_0028795,0.1491
INS_0032679,0.3783
INS_0032901,0.369
INS_0030909,0.0002
INS_0033094,0.2079
INS_0033035,0.0919
INS_0031467,0.4533
INS_0031576,0.9101
INS_0026978,0.3117
INS_0027613,0.5603
INS_0029368,0.0008
INS_0030605,1.2442
INS_0028947,0.3353
INS_0029109,0.8061
INS_0026231,1.7141
INS_0030244,0.3107
INS_0032537,0.2331
INS_0027988,0.0913
INS_0033305,0.2473
INS_0031972,0.0006
INS_0030704,0.1676
INS_0030060,0.2972
INS_0028326,0.0226
INS_0026169,1.3048
INS_0031173,0.3389
INS_0032341,0.49
INS_0030771,0.1366
INS_0031710,0.2773
INS_0028816,0.1669
INS_0029651,0.6845
INS_0030272,0.0377
INS_0031379,0.0002
INS_0026618,0.4569
INS_0028401,0.1593
INS_0027007,0.6877
INS_0029724,0.2805
INS_0028773,0.3
INS_0031755,0.0004
INS_0028803,0.3339
INS_0029828,0.2786
INS_0030375,0.3091
INS_0032143,0.3409
INS_0031624,0.0008
INS_0030293,0.0639
INS_0032817,0.0667
INS_0026835,0.0935
INS_0031292,0.1644
INS_0029082,0.4581
INS_0027991,0.3243
INS_0033448,0.4136
INS_0032465,0.0001
INS_0033365,0.3813
INS_0033055,0.0002
INS_0030809,0.2049
INS_0028666,0.375
INS_0031601,0.0628
INS_0033120,0.1891
INS_0028261,0.0551
INS_0027642,0.3087
INS_0032344,0.0773
INS_0027148,0.3415
INS_0029750,0.4983
INS_0031656,0.0327
INS_0026288,0.2336
INS_0030176,0.1585
INS_0030928,0.2625
INS_0032939,0.0862
INS_0033450,0.1658
INS_0031499,0.1288
INS_0026166,0.1662
INS_0027956,0.8282
INS_0026721,0.744
INS_0030135,0.2546
INS_0027455,0.1698
INS_0028306,0.1427
INS_0031062,0.2427
INS_0029283,0.3424
INS_0026663,0.0867
INS_0030563,0.0802
INS_0031851,0.0001
INS_0030958,0.1213
INS_0027548,0.1172
INS_0031701,0.2263
INS_0028350,1.2658
INS_0030669,0.0002
INS_0029920,0.0002
INS_0027479,0.4987
INS_0031681,0.1797
INS_0028544,0.12
INS_0026414,0.3286
INS_0026661,0.3774
INS_0032855,0.0613
INS_0027075,0.102
INS_0028765,0.0944
INS_0031765,0.2997
INS_0030139,0.1224
INS_0028517,0.5567
INS_0029663,0.9772
INS_0033477,0.1934
INS_0029024,0.1138
INS_0033073,0.0983
INS_0031504,0.4032
INS_0026708,0.6764
INS_0032702,1.0629
INS_0028761,0.0372
INS_0029154,0.589
INS_0027797,0.076
INS_0031994,0.0002
INS_0029456,0.084
INS_0032973,0.0001
INS_0033552,0.0559
INS_0028935,0.3898
INS_0032184,0.1545
INS_0032557,0.0004
INS_0033045,0.1797
INS_0027197,1.8026
INS_0029201,1.0366
INS_0030637,0.1966
INS_0027984,0.6918
INS_0030216,0.1664
INS_0032838,0.2359
INS_0027806,0.0002
INS_0033205,0.0564
INS_0028037,0.1193
INS_0029342,0.0001
INS_0032293,0.7779
INS_0030186,0.2266
INS_0030741,0.2053
INS_0030571,0.0002
INS_0026415,0.0001
INS_0030278,0.0632
INS_0030158,0.0275
INS_0030763,0.6138
INS_0027855,0.4041
INS_0028586,0.3457
INS_0027327,0.335
INS_0028195,0.112
INS_0029173,0.0399
INS_0028561,0.0532
INS_0030690,1.0309
INS_0028390,0.0706
INS_0026417,0.0002
INS_0032350,0.6734
INS_0033467,0.2841
INS_0028521,0.6653
INS_0028078,0.0151
INS_0030284,0.0408
INS_0028085,0.1405
INS_0032866,0.2372
INS_0033497,0.4851
INS_0029426,0.0284
INS_0028834,0.2209
INS_0027733,0.1266
INS_0027614,0.0378
INS_0027709,0.0955
INS_0030529,0.5616
INS_0032406,0.0719
INS_0029893,0.8738
INS_0033215,0.1306
INS_0032812,0.3256
INS_0026955,0.4233
INS_0033228,0.0002
INS_0027170,0.6714
INS_0030952,0.385
INS_0033388,0.2789
INS_0026128,0.2268
INS_0032666,1.4065
INS_0033042,0.0858
INS_0032120,0.0001
INS_0029040,0.2375
INS_0032568,0.0473
INS_0030969,0.6374
INS_0031603,0.107
INS_0031641,0.1789
INS_0031563,0.0989
INS_0032321,0.145
INS_0031469,0.0941
INS_0032869,0.152
INS_0030650,0.2894
INS_0031761,0.1946
INS_0028726,0.3998
INS_0030573,1.0387
INS_0029121,0.104
INS_0032892,0.134
INS_0026570,0.0249
INS_0032768,0.1275
INS_0026349,0.0002
INS_0029113,0.0482
INS_0026798,0.0002
INS_0027338,0.0808
INS_0031120,1.0896
INS_0029072,0.5236
INS_0029408,0.1845
INS_0026837,0.4049
INS_0029023,0.0742
INS_0029437,0.0155
INS_0030950,0.1761
INS_0031077,0.0004
INS_0032071,0.0644
INS_0031023,1.1558
INS_0026246,0.4204
INS_0030608,0.1983
INS_0031369,0.4012
INS_0033119,0.2251
INS_0028385,0.3246
INS_0027104,0.2109
INS_0028459,0.8622
INS_0032395,0.1897
INS_0029449,0.234
INS_0032937,0.1923
INS_0030150,0.2674
INS_0030463,0.3746
INS_0031196,0.0847
INS_0033474,0.5012
INS_0032720,0.0755
INS_0029897,0.4803
INS_0029777,0.0817
INS_0032618,0.0002
INS_0030686,0.0935
INS_0026989,1.1343
INS_0033465,0.5552
INS_0026868,0.1832
INS_0030083,0.5267
INS_0026369,0.2764
INS_0027889,0.0745
INS_0030522,0.187
INS_0027194,0.1388
INS_0028571,0.544
INS_0030664,0.2845
INS_0027383,0.0483
INS_0027906,0.1441
INS_0028503,0.0419
INS_0030846,0.5481
INS_0031852,0.2651
INS_0033605,0.1027
INS_0031651,0.5489
INS_0029372,0.1207
INS_0031407,0.0002
INS_0027561,0.1126
INS_0029180,0.6818
INS_0032999,0.2218
INS_0033560,0.1005
INS_0030199,0.2496
INS_0031040,0.7367
INS_0031087,0.1477
INS_0026739,0.0648
INS_0033518,0.4482
INS_0027802,0.3273
INS_0031239,0.2383
INS_0032620,0.1281
INS_0027449,0.1064
INS_0026534,0.2045
INS_0031071,0.7282
INS_0028554,0.5506
INS_0033469,0.1921
INS_0032639,0.2878
INS_0030717,0.2741
INS_0026788,0.4964
INS_0030706,0.6543
INS_0031685,0.1168
INS_0029239,0.035
INS_0028142,0.9543
INS_0029502,0.8327
INS_0027108,0.184
INS_0026375,0.579
INS_0027591,1.0758
INS_0029702,0.331
INS_0026512,0.2184
INS_0033189,0.4057
INS_0026478,0.7869
INS_0030767,0.1193
INS_0030136,0.1541
INS_0032781,0.3015
INS_0028629,0.0635
INS_0028808,0.0643
INS_0033338,0.1376
INS_0029371,0.0777
INS_0027203,1.1622
INS_0033186,1.862
INS_0030455,0.2917
INS_0029463,0.0002
INS_0028121,0.4048
INS_0032948,0.272
INS_0029861,0.4866
INS_0032977,0.1856
INS_0030653,0.0001
INS_0032884,0.6911
INS_0031213,0.1273
INS_0030026,0.2405
INS_0031501,0.3119
INS_0033069,0.0339
INS_0028608,0.2475
INS_0032565,0.3024
INS_0031159,0.5952
INS_0032208,0.4423
INS_0032124,0.0907
INS_0026466,0.2378
INS_0033056,0.2402
INS_0028432,0.2177
INS_0033220,0.5532
INS_0026700,0.29
INS_0027193,0.3401
INS_0026509,0.2731
INS_0029316,0.0585
INS_0029773,0.6747
INS_0032080,0.4526
INS_0027859,0.49
INS_0033229,0.1166
INS_0028327,0.0496
INS_0032994,1.015
INS_0028245,0.0692
INS_0027074,0.0821
INS_0032228,0.0935
INS_0031766,1.7163
INS_0026826,0.5634
INS_0031602,0.147
INS_0033642,0.3014
INS_0029345,1.101
INS_0026115,0.1806
INS_0031511,0.1385
INS_0032741,0.1215
INS_0026851,0.1501
INS_0026197,0.4037
INS_0028193,0.1043
INS_0026870,0.2803
INS_0028500,0.05
INS_0032440,0.0677
INS_0027499,0.1472
INS_0030094,0.2577
INS_0026492,0.8428
INS_0027088,0.0657
INS_0026664,0.3916
INS_0030396,0.0002
INS_0031709,0.0284
INS_0029313,2.0722
INS_0029574,0.5633
INS_0029593,0.5839
INS_0033047,0.1326
INS_0029100,0.3782
INS_0028013,0.0821
INS_0026768,0.0002
INS_0028382,0.1125
INS_0026494,2.2426
INS_0029911,0.0947
INS_0033288,0.0733
INS_0027540,0.1609
INS_0033455,0.0854
INS_0031731,0.0328
INS_0029401,0.0002
INS_0027697,0.1892
INS_0033212,0.4214
INS_0029021,0.4616
INS_0026821,0.1037
INS_0028116,0.0619
INS_0030442,0.2569
INS_0030011,1.1093
INS_0028388,0.2656
INS_0031231,0.1419
INS_0027466,0.2548
INS_0030184,0.5744
INS_0032504,0.1503
INS_0032993,0.3679
INS_0028687,0.199
INS_0032797,0.7443
INS_0027191,0.5949
INS_0032401,0.108
INS_0032652,0.1994
INS_0032355,0.4458
INS_0030898,0.0623
INS_0033143,0.0001
INS_0029690,0.0353
INS_0030182,0.3785
INS_0031581,0.8623
INS_0032256,0.0358
INS_0030350,0.1256
INS_0030786,0.1961
INS_0031446,0.063
INS_0027133,0.1555
INS_0026412,0.1882
INS_0026581,0.1636
INS_0031215,0.0781
INS_0031545,1.1638
INS_0033018,0.0547
INS_0028069,0.7593
INS_0033460,0.1571
INS_0030373,0.2037
INS_0032610,0.1294
INS_0032140,0.455
INS_0031368,0.4474
INS_0031291,0.1112
INS_0029705,0.1223
INS_0030635,0.0659
INS_0032701,0.1629
INS_0028769,0.0819
INS_0028817,0.0468
INS_0030785,0.4782
INS_0028948,0.1974
INS_0027594,0.0002
INS_0030265,0.4635
INS_0033395,0.2598
INS_0029637,0.2302
INS_0027569,0.1583
INS_0027126,0.8975
INS_0029582,0.0512
INS_0029331,0.2254
INS_0029104,0.1122
INS_0031251,0.9082
INS_0028381,1.1152
INS_0029526,0.0004
INS_0033272,0.0778
INS_0027039,0.4951
INS_0033201,0.0948
INS_0029753,1.2136
INS_0027945,0.1436
INS_0029576,0.1432
INS_0032863,0.173
INS_0027568,0.0778
INS_0031333,0.0867
INS_0026625,0.7944
INS_0029967,0.0427
INS_0033377,0.1965
INS_0031734,0.0668
INS_0031677,0.6704
INS_0027656,0.2167
INS_0030248,0.1403
INS_0026845,0.0402
INS_0027485,0.1509
INS_0027699,0.0001
INS_0028840,0.2404
INS_0033022,0.1054
INS_0032636,0.338
INS_0027904,0.1912
INS_0028209,0.1815
INS_0028140,0.6748
INS_0030159,0.2056
INS_0032448,0.0001
INS_0030828,0.1088
INS_0032751,1.2202
INS_0029660,0.66
INS_0030168,0.2311
INS_0026791,0.5046
INS_0032880,0.0677
INS_0031746,0.3399
INS_0029434,0.0549
INS_0028644,0.7471
INS_0031643,0.2708
INS_0032178,0.4947
INS_0029837,0.0004
INS_0028412,0.0003
INS_0031419,0.1547
INS_0030050,1.3607
INS_0028824,0.581
INS_0029699,0.201
INS_0027303,0.9758
INS_0029840,0.2779
INS_0029962,0.0001
INS_0033524,0.0938
INS_0029389,0.4678
INS_0028519,0.0395
INS_0033155,0.0696
INS_0029950,0.7902
INS_0032191,0.0924
INS_0032501,0.5756
INS_0033195,0.1794
INS_0030680,0.5265
INS_0027915,0.1079
INS_0027472,1.3029
INS_0026430,0.1916
INS_0026931,0.4918
INS_0030217,0.0001
INS_0031265,0.4963
INS_0026710,0.7126
INS_0031211,0.4014
INS_0031221,0.0003
INS_0032915,0.5559
INS_0026769,0.8076
INS_0029662,0.1437
INS_0026886,0.0269
INS_0028147,0.6953
INS_0027320,1.1628
INS_0028663,0.1108
INS_0026688,0.0002
INS_0032213,0.124
INS_0032339,0.3261
INS_0031644,0.1368
INS_0029068,0.0005
INS_0027274,0.0297
INS_0032563,0.0001
INS_0031953,0.3683
INS_0028734,0.3904
INS_0031404,0.2704
INS_0029647,1.7515
INS_0030474,1.1833
INS_0029501,0.3838
INS_0028471,0.253
INS_0027893,0.663
INS_0029077,0.4678
INS_0031252,0.1987
INS_0033494,0.5959
INS_0032138,0.403
INS_0033289,1.6429
INS_0031626,0.4922
INS_0031785,0.4525
INS_0026638,0.1326
INS_0032079,0.1701
INS_0027651,0.6878
INS_0033154,0.1166
INS_0032955,0.0728
INS_0028406,0.2672
INS_0032026,0.5543
INS_0030520,1.4604
INS_0033656,1.3478
INS_0031076,0.2496
INS_0026471,1.3333
INS_0028545,0.0629
INS_0029700,0.109
INS_0026567,0.3905
INS_0026980,0.2333
INS_0033360,0.0797
INS_0030797,0.2859
INS_0028715,0.2013
INS_0030122,0.2621
INS_0033153,0.0582
INS_0028577,0.1423
INS_0028455,0.1558
INS_0031642,0.2993
INS_0027408,0.4911
INS_0033490,0.4821
INS_0026907,0.8478
INS_0031437,0.1197
INS_0031625,0.1438
INS_0033100,0.0987
INS_0031331,0.3452
INS_0030713,0.1204
INS_0031350,0.0982
INS_0027580,0.1278
INS_0027405,0.076
INS_0027664,1.0337
INS_0027398,0.0002
INS_0031092,0.6026
INS_0030077,1.5556
INS_0033066,0.1719
INS_0031081,0.3624
INS_0028387,0.2482
INS_0029804,0.1705
INS_0031033,0.0736
INS_0030459,0.208
INS_0027091,0.2833
INS_0026408,0.5741
INS_0028986,0.0001
INS_0028938,0.2331
INS_0030604,0.1083
INS_0029360,0.5372
INS_0027637,1.1647
INS_0028962,0.1822
INS_0026780,0.963
INS_0032917,0.1045
INS_0027037,0.1602
INS_0030486,0.3319
INS_0029829,0.7392
INS_0029815,0.0599
INS_0032270,0.1695
INS_0031028,0.337
INS_0031355,0.16
INS_0026620,0.0006
INS_0028234,0.0617
INS_0026116,0.3896
INS_0031732,0.0652
INS_0029186,0.7447
INS_0032039,0.0175
INS_0026657,0.1736
INS_0032312,0.1162
INS_0031792,0.5335
INS_0027999,0.3493
INS_0031564,0.3631
INS_0027864,0.0523
INS_0033348,0.3998
INS_0031270,0.2088
INS_0028319,0.1943
INS_0031380,0.3352
INS_0027034,0.5737
INS_0032057,0.499
INS_0029908,0.0311
INS_0029512,0.2202
INS_0032332,0.3797
INS_0026551,0.2323
INS_0032252,0.1419
INS_0028493,0.2077
INS_0028781,0.1694
INS_0027049,0.1167
INS_0029503,0.184
INS_0031604,0.0573
INS_0026462,2.3587
INS_0026861,0.7878
INS_0026501,0.8724
INS_0031607,0.2343
INS_0030362,0.0604
INS_0031879,0.3709
INS_0032569,0.0001
INS_0033012,0.0371
INS_0029675,0.7547
INS_0026634,0.3399
INS_0027522,0.5419
INS_0033093,0.0923
INS_0033336,0.0754
INS_0031700,0.0738
INS_0032826,0.0001
INS_0030357,0.4409
INS_0028913,0.3153
INS_0027157,1.115
INS_0026201,0.3081
INS_0030390,0.6352
INS_0033481,0.128
INS_0029884,0.166
INS_0032970,0.0006
INS_0026998,0.6483
INS_0026579,0.0005
INS_0027842,0.1713
INS_0029106,0.3111
INS_0032375,0.5446
INS_0032483,0.5478
INS_0027038,0.4623
INS_0029565,0.0771
INS_0032541,0.4866
INS_0028632,0.9176
INS_0030197,0.0001
INS_0031389,0.1147
INS_0030103,0.5707
INS_0032393,0.1891
INS_0029946,0.2451
INS_0032718,0.228
INS_0032035,0.0003
INS_0032095,0.0203
INS_0026909,0.0003
INS_0028950,0.2296
INS_0027006,0.0728
INS_0033626,0.4425
INS_0027899,0.1676
INS_0031348,0.0803
INS_0031006,0.1844
INS_0031580,0.3105
INS_0031089,0.4829
INS_0029078,0.1956
INS_0032149,0.1092
INS_0027250,0.925
INS_0027717,1.2965
INS_0027373,0.6105
INS_0030489,0.0002
INS_0032914,0.3675
INS_0033002,0.7642
INS_0032931,0.0002
INS_0027596,1.2105
INS_0028505,0.069
INS_0030226,0.5964
INS_0030789,0.0618
INS_0028621,0.1096
INS_0026726,2.03
INS_0026869,0.0878
INS_0028299,0.0988
INS_0027316,0.3048
INS_0026365,0.0001
INS_0030861,0.2413
INS_0029235,0.0769
INS_0028924,0.0315
INS_0028309,0.3987
INS_0026834,0.0002
INS_0027529,0.0638
INS_0031586,0.1216
INS_0029043,0.1028
INS_0030530,0.0016
INS_0029612,1.8261
INS_0031736,2.2977
INS_0030037,0.1269
INS_0033242,0.1585
INS_0033105,0.3988
INS_0032263,0.3348
INS_0027057,0.0001
INS_0030377,0.4393
INS_0030639,0.3871
INS_0031721,0.0023
INS_0032545,0.0003
INS_0029483,0.1213
INS_0032879,0.2903
INS_0031932,0.1666
INS_0028539,0.0508
INS_0031744,0.7322
INS_0032340,0.3252
INS_0030141,0.0804
INS_0027260,0.0002
INS_0029716,3.1829
INS_0026783,0.471
INS_0029482,0.4157
INS_0029226,0.1783
INS_0026735,0.2745
INS_0032015,0.4083
INS_0031712,1.1036
INS_0029841,0.1754
INS_0032273,0.593
INS_0028912,0.3375
INS_0029587,0.1814
INS_0026241,0.3088
INS_0031898,0.3226
INS_0026463,1.0275
INS_0026218,2.0903
INS_0030461,0.112
INS_0027064,0.2474
INS_0026882,0.8757
INS_0030404,0.9816
INS_0031694,0.0003
INS_0029041,0.1558
INS_0027344,0.75
INS_0032151,0.4544
INS_0026576,0.002
INS_0031485,0.7276
INS_0031854,0.5061
INS_0030479,0.0006
INS_0029315,1.7822
INS_0032323,0.5883
INS_0031653,0.0487
INS_0030384,0.0333
INS_0033440,0.0326
INS_0033192,0.1155
INS_0031320,0.3281
INS_0029944,0.0359
INS_0031912,0.9165
INS_0030769,0.0706
INS_0026731,0.1384
INS_0032207,0.0002
INS_0033126,0.2505
INS_0033250,0.1822
INS_0026411,0.1375
INS_0031378,0.2715
INS_0030305,0.1208
INS_0031160,0.133
INS_0029846,0.3696
INS_0030063,0.3606
INS_0029030,0.564
INS_0027742,0.8479
INS_0027785,0.091
INS_0029530,0.001
INS_0028762,0.9543
INS_0027821,0.0421
INS_0028866,0.1895
INS_0032758,0.2696
INS_0029859,0.7933
INS_0032369,0.0857
INS_0029899,0.0774
INS_0027496,0.3487
INS_0027777,0.4953
INS_0027880,0.2941
INS_0027539,0.421
INS_0027746,0.0253
INS_0031118,0.4819
INS_0027720,0.1502
INS_0032272,0.0707
INS_0031989,0.177
INS_0028809,0.241
INS_0026441,0.0002
INS_0028965,0.5278
INS_0030065,0.1265
INS_0026707,0.0005
INS_0030932,0.034
INS_0031475,0.0531
INS_0026131,0.0014
INS_0026929,0.4783
INS_0029838,0.2898
INS_0032857,0.0861
INS_0029045,0.7531
INS_0028167,0.1014
INS_0030921,0.1769
